C:\Users\eric\Documents\ML - ver2\data_2017-05-22-14-00-20.csv,linear scale factor,100
time,posX,posY,posZ,angAlpha,angBeta,angGamma,velX,velY,velZ,aVelAlpha,aVelBeta,aVelGamma
02:00:20.805 PM,116.8745, 138.0101, -297.1743,351.4237, 186.5152, 347.8278,116.8745, 138.0101, -297.1743,351.4237, 186.5152, 347.8278
02:00:20.809 PM,116.8745, 138.0101, -297.1743,351.4237, 186.5152, 347.8278,0, 0, 0,0, 0, 0
02:00:20.942 PM,116.8741, 138.004, -297.1768,351.424, 186.5155, 347.8253,-0.0004272461, -0.006057739, -0.002441406,0.0002746582, 0.0002593994, -0.002441406
02:00:20.955 PM,116.8697, 138.0225, -297.1309,351.4055, 186.5117, 347.8419,-0.004364014, 0.01847839, 0.04592896,-0.01855469, -0.003829956, 0.01657104
02:00:20.963 PM,116.8912, 138.0045, -297.149,351.411, 186.5004, 347.8371,0.02145386, -0.01800537, -0.01812744,0.005554199, -0.01124573, -0.00479126
02:00:20.978 PM,116.8794, 137.9619, -297.1591,351.4196, 186.5087, 347.8338,-0.01174927, -0.04255676, -0.01013184,0.008575439, 0.008285522, -0.003326416
02:00:20.997 PM,116.8964, 137.9852, -297.1576,351.4162, 186.507, 347.8396,0.01698303, 0.02322388, 0.001556396,-0.003356934, -0.001724243, 0.005828857
02:00:21.007 PM,116.8911, 137.9636, -297.1458,351.4206, 186.5118, 347.8354,-0.005325317, -0.02157593, 0.01177979,0.004333496, 0.00479126, -0.004211426
02:00:21.018 PM,116.9499, 137.9995, -297.1808,351.4246, 186.4805, 347.8425,0.05879211, 0.03590393, -0.03500366,0.00402832, -0.03126526, 0.007049561
02:00:21.061 PM,116.8927, 138.0295, -297.1506,351.4194, 186.5101, 347.847,-0.05722046, 0.02998352, 0.0302124,-0.005157471, 0.02957153, 0.004486084
02:00:21.066 PM,116.9195, 137.9968, -297.1619,351.4184, 186.4967, 347.8374,0.02682495, -0.03262329, -0.0112915,-0.001068115, -0.01339722, -0.00958252
02:00:21.074 PM,116.9184, 137.9992, -297.1491,351.4238, 186.4976, 347.8456,-0.001052856, 0.002334595, 0.01272583,0.005401611, 0.0009002686, 0.008270264
02:00:21.088 PM,116.8855, 137.9886, -297.1452,351.4082, 186.5122, 347.829,-0.03297424, -0.01052856, 0.003936768,-0.01559448, 0.0145874, -0.0166626
02:00:21.097 PM,116.9137, 138.0164, -297.1592,351.4189, 186.4999, 347.8392,0.02820587, 0.02775574, -0.01403809,0.01074219, -0.01229858, 0.01019287
02:00:21.108 PM,116.9103, 138.0123, -297.1501,351.4135, 186.5028, 347.8392,-0.003379822, -0.004150391, 0.009094238,-0.005462646, 0.00289917, 3.051758E-05
02:00:21.119 PM,116.9062, 138.0298, -297.1432,351.41, 186.5054, 347.8427,-0.004127502, 0.01757813, 0.006958008,-0.003417969, 0.002609253, 0.003540039
02:00:21.130 PM,116.9464, 138.0167, -297.1775,351.4129, 186.4802, 347.8365,0.04024506, -0.01312256, -0.03430176,0.00289917, -0.02516174, -0.006225586
02:00:21.141 PM,116.925, 137.9887, -297.1648,351.4107, 186.4913, 347.8292,-0.02143097, -0.02796936, 0.01269531,-0.002258301, 0.0110321, -0.007324219
02:00:21.152 PM,116.899, 138.0363, -297.1457,351.4119, 186.5055, 347.8413,-0.02601624, 0.04756165, 0.019104,0.001220703, 0.01425171, 0.012146
02:00:21.198 PM,116.9059, 138.0063, -297.1656,351.4081, 186.4992, 347.8253,0.006904602, -0.02996826, -0.01992798,-0.003845215, -0.00630188, -0.01602173
02:00:21.208 PM,116.9212, 138.0056, -297.1646,351.4277, 186.4942, 347.8368,0.01534271, -0.0007476807, 0.001068115,0.0196228, -0.0050354, 0.01147461
02:00:21.213 PM,116.8786, 138.028, -297.1551,351.4129, 186.5093, 347.8349,-0.04263306, 0.02244568, 0.009490967,-0.01473999, 0.0151062, -0.001922607
02:00:21.220 PM,116.8887, 138.0162, -297.1689,351.4247, 186.5043, 347.8331,0.01013947, -0.01185608, -0.01382446,0.01177979, -0.004928589, -0.00177002
02:00:21.231 PM,116.8988, 138.0683, -297.1681,351.414, 186.4974, 347.8437,0.01013184, 0.05207825, 0.0008239746,-0.01068115, -0.006912231, 0.01055908
02:00:21.242 PM,116.8774, 137.9953, -297.1727,351.4259, 186.5097, 347.8275,-0.02140045, -0.07296753, -0.004638672,0.01187134, 0.01228333, -0.0161438
02:00:21.253 PM,116.884, 138.0106, -297.1747,351.4153, 186.5035, 347.8283,0.00655365, 0.01528931, -0.001953125,-0.01055908, -0.006210327, 0.0008239746
02:00:21.264 PM,116.8907, 138.0683, -297.1697,351.4019, 186.4988, 347.8393,0.00667572, 0.057724, 0.00491333,-0.01348877, -0.004745483, 0.01095581
02:00:21.275 PM,116.8775, 138.0101, -297.1739,351.4246, 186.5094, 347.8322,-0.01322174, -0.05822754, -0.004180908,0.02270508, 0.01066589, -0.007080078
02:00:21.286 PM,116.8585, 138.0078, -297.1671,351.4289, 186.5194, 347.8309,-0.01895142, -0.002243042, 0.006774902,0.004302979, 0.009994507, -0.001281738
02:00:21.335 PM,116.894, 138.0322, -297.1862,351.4327, 186.5012, 347.8373,0.03552246, 0.02433777, -0.019104,0.003875732, -0.01818848, 0.006378174
02:00:21.341 PM,116.8542, 138.071, -297.147,351.4182, 186.5191, 347.8484,-0.03978729, 0.03887939, 0.03927612,-0.01449585, 0.01785278, 0.01104736
02:00:21.346 PM,116.9046, 138.086, -297.1563,351.4076, 186.494, 347.8522,0.05037689, 0.01499939, -0.009368896,-0.01062012, -0.02505493, 0.003845215
02:00:21.353 PM,116.8741, 138.0683, -297.1348,351.4156, 186.5128, 347.8554,-0.03051758, -0.01776123, 0.02157593,0.00793457, 0.01872253, 0.003204346
02:00:21.366 PM,116.912, 138.0424, -297.1642,351.4145, 186.4948, 347.8423,0.03793335, -0.02586365, -0.02947998,-0.001037598, -0.01792908, -0.01312256
02:00:21.375 PM,116.8951, 138.0375, -297.1492,351.4155, 186.5043, 347.8457,-0.01689148, -0.004898071, 0.01507568,0.0009460449, 0.00944519, 0.003417969
02:00:21.387 PM,116.8777, 138.027, -297.1356,351.4161, 186.5139, 347.8462,-0.01741791, -0.01051331, 0.01358032,0.0006103516, 0.009613037, 0.0004577637
02:00:21.398 PM,116.9169, 138.0321, -297.1598,351.4143, 186.4944, 347.844,0.03916168, 0.005065918, -0.02423096,-0.001800537, -0.01953125, -0.002166748
02:00:21.409 PM,116.8972, 138.0259, -297.1425,351.4273, 186.5078, 347.8505,-0.01968384, -0.006195068, 0.01730347,0.01303101, 0.01339722, 0.006530762
02:00:21.421 PM,116.9193, 138.0438, -297.1573,351.4086, 186.492, 347.8458,0.02212524, 0.01795959, -0.01483154,-0.01873779, -0.01576233, -0.004699707
02:00:21.468 PM,116.889, 138.0886, -297.1417,351.3998, 186.5023, 347.8544,-0.03028107, 0.04472351, 0.015625,-0.008728027, 0.01036072, 0.008544922
02:00:21.473 PM,116.8875, 138.0404, -297.1455,351.4076, 186.5045, 347.8449,-0.001548767, -0.04815674, -0.003814697,0.007720947, 0.00213623, -0.009460449
02:00:21.486 PM,116.8865, 138.0684, -297.144,351.4082, 186.5057, 347.851,-0.0009765625, 0.02798462, 0.001495361,0.0006408691, 0.001251221, 0.00604248
02:00:21.491 PM,116.8608, 138.1018, -297.1244,351.4011, 186.5183, 347.8586,-0.02570343, 0.03338623, 0.0196228,-0.007080078, 0.01252747, 0.007629395
02:00:21.499 PM,116.8731, 138.0612, -297.1479,351.397, 186.5112, 347.8398,0.01224518, -0.04060364, -0.02346802,-0.004119873, -0.007080078, -0.01882935
02:00:21.521 PM,116.9405, 138.0157, -297.1958,351.4203, 186.48, 347.8419,0.06741333, -0.04550171, -0.0479126,0.02331543, -0.03114319, 0.002105713
02:00:21.543 PM,116.8717, 138.0255, -297.1515,351.4149, 186.5226, 347.8423,-0.06872559, 0.009857178, 0.04428101,-0.005371094, 0.04258728, 0.0004882813
02:00:21.554 PM,116.8852, 138.0548, -297.143,351.4084, 186.5151, 347.8543,0.01348114, 0.02926636, 0.008483887,-0.006500244, -0.007568359, 0.01193237
02:00:21.567 PM,116.9155, 138.0306, -297.172,351.4143, 186.4976, 347.8465,0.03029633, -0.02420044, -0.02893066,0.005859375, -0.01750183, -0.007751465
02:00:21.577 PM,116.9041, 138.0538, -297.1391,351.4153, 186.5054, 347.8558,-0.01139069, 0.02320862, 0.03283691,0.00100708, 0.007858276, 0.009307861
02:00:21.629 PM,116.9192, 138.0351, -297.1369,351.4064, 186.497, 347.8533,0.01506042, -0.01873779, 0.002258301,-0.008880615, -0.008377075, -0.002563477
02:00:21.635 PM,116.9056, 138.0137, -297.1441,351.4028, 186.4998, 347.8418,-0.0136261, -0.02137756, -0.007263184,-0.003601074, 0.002731323, -0.01147461
02:00:21.644 PM,116.8684, 137.9728, -297.1553,351.3963, 186.5124, 347.8259,-0.0371933, -0.04084778, -0.01113892,-0.006561279, 0.01266479, -0.01593018
02:00:21.655 PM,116.8883, 137.9883, -297.1715,351.4234, 186.5058, 347.8377,0.01990509, 0.01548767, -0.01623535,0.02713013, -0.006622314, 0.0118103
02:00:21.666 PM,116.888, 138.0236, -297.1541,351.4041, 186.503, 347.8412,-0.0002746582, 0.03529358, 0.0173645,-0.01928711, -0.002822876, 0.003509521
02:00:21.677 PM,116.8742, 137.9823, -297.1569,351.42, 186.513, 347.8329,-0.01382446, -0.04130554, -0.0027771,0.01583862, 0.009994507, -0.008239746
02:00:21.688 PM,116.8798, 138.0361, -297.1497,351.4032, 186.5065, 347.843,0.005592346, 0.05381775, 0.007232666,-0.01675415, -0.006515503, 0.01004028
02:00:21.700 PM,116.8744, 138.0414, -297.1516,351.405, 186.5109, 347.8416,-0.005393982, 0.0052948, -0.001861572,0.001800537, 0.004425049, -0.001403809
02:00:21.711 PM,116.912, 138.0144, -297.1813,351.4061, 186.4909, 347.8399,0.03760529, -0.02702332, -0.02978516,0.001068115, -0.01998901, -0.001678467
02:00:21.722 PM,116.8617, 137.9837, -297.1594,351.4065, 186.5174, 347.8308,-0.0503006, -0.03070068, 0.02197266,0.0003967285, 0.02648926, -0.009124756
02:00:21.771 PM,116.9103, 138.0363, -297.1776,351.4057, 186.4916, 347.8463,0.04857635, 0.05259705, -0.01828003,-0.0007629395, -0.02583313, 0.01556396
02:00:21.777 PM,116.8821, 138.0229, -297.147,351.4027, 186.5063, 347.8413,-0.02817535, -0.01338196, 0.03060913,-0.002960205, 0.01473999, -0.005004883
02:00:21.784 PM,116.8597, 138.0011, -297.1423,351.4203, 186.5238, 347.8416,-0.02233887, -0.02177429, 0.004730225,0.01754761, 0.01748657, 0.000213623
02:00:21.790 PM,116.8979, 137.9915, -297.1561,351.4076, 186.5009, 347.8378,0.03816986, -0.009689331, -0.01379395,-0.01272583, -0.02284241, -0.003753662
02:00:21.800 PM,116.9084, 138.0133, -297.1639,351.4048, 186.4929, 347.8409,0.01052094, 0.02186584, -0.007781982,-0.0027771, -0.008056641, 0.003143311
02:00:21.811 PM,116.8912, 138.0058, -297.1396,351.4027, 186.5022, 347.8392,-0.0172348, -0.007568359, 0.02429199,-0.002105713, 0.009338379, -0.001708984
02:00:21.822 PM,116.8798, 138.0044, -297.1348,351.413, 186.5097, 347.841,-0.0114212, -0.001312256, 0.004821777,0.01034546, 0.007446289, 0.00177002
02:00:21.834 PM,116.8771, 138.024, -297.1338,351.4008, 186.5107, 347.8381,-0.002677917, 0.01960754, 0.0009765625,-0.01217651, 0.001052856, -0.002868652
02:00:21.845 PM,116.8639, 138.0125, -297.1214,351.4008, 186.5182, 347.8383,-0.013237, -0.01159668, 0.01242065,-3.051758E-05, 0.00743103, 0.0001220703
02:00:21.856 PM,116.916, 138.0058, -297.1486,351.4034, 186.4904, 347.838,0.05214691, -0.006607056, -0.0272522,0.002532959, -0.02780151, -0.0003051758
02:00:21.904 PM,116.9082, 138.0078, -297.1496,351.4041, 186.4936, 347.8405,-0.007835388, 0.001968384, -0.00100708,0.0007629395, 0.003234863, 0.002502441
02:00:21.911 PM,116.8757, 138.0007, -297.1345,351.4053, 186.5106, 347.8381,-0.03251648, -0.007095337, 0.01516724,0.001190186, 0.01701355, -0.002349854
02:00:21.919 PM,116.8988, 137.9492, -297.1563,351.4048, 186.5002, 347.8232,0.02312469, -0.05148315, -0.02182007,-0.0004882813, -0.01043701, -0.0149231
02:00:21.926 PM,116.9022, 138.0129, -297.1469,351.4054, 186.4986, 347.8418,0.003417969, 0.06362915, 0.009338379,0.0005493164, -0.001556396, 0.01858521
02:00:21.943 PM,116.8864, 137.9918, -297.1444,351.4019, 186.5067, 347.83,-0.01580811, -0.02105713, 0.002563477,-0.003509521, 0.008041382, -0.01177979
02:00:21.961 PM,116.8943, 138.0231, -297.141,351.4103, 186.5038, 347.8441,0.007919312, 0.03129578, 0.003417969,0.008453369, -0.002822876, 0.01412964
02:00:21.981 PM,116.9006, 138.0287, -297.1543,351.4145, 186.5009, 347.8461,0.006248474, 0.005584717, -0.01330566,0.004150391, -0.002883911, 0.001983643
02:00:22.000 PM,116.8931, 138.0147, -297.1496,351.4026, 186.5035, 347.8381,-0.007469177, -0.01397705, 0.004669189,-0.01187134, 0.0025177, -0.007995605
02:00:22.008 PM,116.8707, 138.0013, -297.1392,351.4117, 186.5146, 347.8359,-0.02244568, -0.01338196, 0.01037598,0.009124756, 0.01112366, -0.002227783
02:00:22.034 PM,116.8617, 138.0181, -297.1221,351.4094, 186.5265, 347.8384,-0.008926392, 0.01678467, 0.01712036,-0.002288818, 0.01187134, 0.002563477
02:00:22.096 PM,116.8759, 137.9808, -297.121,351.3997, 186.5194, 347.8292,0.0141983, -0.03727722, 0.001098633,-0.009765625, -0.007064819, -0.009216309
02:00:22.103 PM,116.8926, 138.0011, -297.1255,351.4049, 186.5126, 347.8362,0.01667786, 0.02027893, -0.004455566,0.005249023, -0.006835938, 0.006958008
02:00:22.113 PM,116.8908, 137.9872, -297.1284,351.406, 186.5146, 347.8319,-0.001815796, -0.01394653, -0.002990723,0.001068115, 0.002059937, -0.004302979
02:00:22.124 PM,116.9292, 138.0141, -297.1533,351.4322, 186.4994, 347.8449,0.03839111, 0.02697754, -0.02484131,0.02618408, -0.01519775, 0.01303101
02:00:22.135 PM,116.9191, 137.9953, -297.1691,351.4234, 186.4968, 347.8388,-0.01008606, -0.01881409, -0.01577759,-0.008758545, -0.002624512, -0.006072998
02:00:22.146 PM,116.9009, 137.9964, -297.1593,351.4294, 186.508, 347.8408,-0.01816559, 0.001037598, 0.009735107,0.006011963, 0.01116943, 0.001953125
02:00:22.158 PM,116.9215, 137.964, -297.1712,351.4286, 186.4972, 347.8325,0.02056885, -0.03236389, -0.01184082,-0.0008544922, -0.01080322, -0.008300781
02:00:22.169 PM,116.865, 137.9561, -297.1407,351.4136, 186.5198, 347.8223,-0.05645752, -0.007949829, 0.03048706,-0.0149231, 0.02262878, -0.01022339
02:00:22.180 PM,116.8609, 137.9578, -297.1382,351.433, 186.5258, 347.8304,-0.004142761, 0.001754761, 0.002502441,0.01940918, 0.006057739, 0.008117676
02:00:22.191 PM,116.8709, 137.9808, -297.1396,351.4242, 186.5194, 347.8339,0.01003265, 0.022995, -0.001434326,-0.00881958, -0.00642395, 0.003479004
02:00:22.244 PM,116.8691, 137.9413, -297.1517,351.4368, 186.5214, 347.8247,-0.001869202, -0.039505, -0.01205444,0.01260376, 0.001968384, -0.009185791
02:00:22.250 PM,116.9045, 137.9498, -297.1685,351.4272, 186.501, 347.8243,0.03547668, 0.008544922, -0.01681519,-0.009643555, -0.020401, -0.0003967285
02:00:22.259 PM,116.8667, 137.9628, -297.1534,351.4346, 186.5218, 347.8326,-0.03786469, 0.01295471, 0.0151062,0.007446289, 0.02079773, 0.008361816
02:00:22.269 PM,116.8917, 137.982, -297.153,351.4151, 186.5089, 347.8296,0.02500153, 0.01916504, 0.0004272461,-0.01956177, -0.01292419, -0.003082275
02:00:22.280 PM,116.8952, 137.9728, -297.1554,351.4292, 186.5104, 347.8316,0.00353241, -0.009155273, -0.002441406,0.01416016, 0.001525879, 0.002044678
02:00:22.292 PM,116.8785, 138.005, -297.1452,351.4271, 186.52, 347.8374,-0.01669312, 0.03216553, 0.01022339,-0.002166748, 0.009567261, 0.00579834
02:00:22.303 PM,116.8698, 137.9973, -297.1414,351.4368, 186.5237, 347.8378,-0.008750916, -0.007675171, 0.003723145,0.00970459, 0.00378418, 0.0004272461
02:00:22.314 PM,116.9047, 137.9538, -297.1722,351.4386, 186.5038, 347.8232,0.03492737, -0.04351807, -0.03076172,0.001861572, -0.01992798, -0.01464844
02:00:22.325 PM,116.8484, 138.0078, -297.1334,351.4296, 186.532, 347.8354,-0.05625153, 0.05403137, 0.03884888,-0.009033203, 0.02822876, 0.01217651
02:00:22.336 PM,116.8762, 138.0132, -297.15,351.4337, 186.5155, 347.8386,0.02780914, 0.005401611, -0.0166626,0.004089355, -0.01657104, 0.003234863
02:00:22.388 PM,116.8306, 138.0142, -297.1277,351.4223, 186.5374, 347.833,-0.04560852, 0.001022339, 0.02236938,-0.01138306, 0.02197266, -0.005615234
02:00:22.394 PM,116.8707, 137.9782, -297.1635,351.4197, 186.5151, 347.8159,0.04003143, -0.03601074, -0.03588867,-0.002624512, -0.02230835, -0.01708984
02:00:22.405 PM,116.866, 137.9931, -297.1451,351.4187, 186.5164, 347.8283,-0.004707336, 0.0148468, 0.0184021,-0.0009460449, 0.001312256, 0.01239014
02:00:22.415 PM,116.873, 137.9748, -297.154,351.4235, 186.5122, 347.8232,0.006996155, -0.01831055, -0.008850098,0.00479126, -0.004257202, -0.005065918
02:00:22.426 PM,116.8534, 137.9849, -297.139,351.4194, 186.5216, 347.8261,-0.01957703, 0.01016235, 0.01495361,-0.004150391, 0.009429932, 0.002929688
02:00:22.437 PM,116.8646, 137.9797, -297.1498,351.4333, 186.5203, 347.8303,0.01125336, -0.005249023, -0.01080322,0.0138855, -0.001342773, 0.004119873
02:00:22.448 PM,116.8605, 138.0006, -297.1429,351.4209, 186.5193, 347.8324,-0.004096985, 0.02093506, 0.006958008,-0.01239014, -0.0009918213, 0.002166748
02:00:22.459 PM,116.8837, 137.9738, -297.1693,351.4196, 186.5056, 347.8198,0.02312469, -0.02682495, -0.02645874,-0.001220703, -0.01364136, -0.01260376
02:00:22.470 PM,116.8634, 138.022, -297.1491,351.4276, 186.5195, 347.8395,-0.02024078, 0.04818726, 0.02020264,0.007995605, 0.01382446, 0.01965332
02:00:22.481 PM,116.8697, 138.0011, -297.1585,351.436, 186.5164, 347.8352,0.006248474, -0.02090454, -0.009399414,0.008331299, -0.003036499, -0.004272461
02:00:22.538 PM,116.8606, 138.0337, -297.1484,351.4352, 186.5258, 347.8419,-0.009017944, 0.03263855, 0.01013184,-0.0008239746, 0.009368896, 0.006713867
02:00:22.544 PM,116.8988, 138.026, -297.1654,351.4355, 186.5058, 347.8427,0.03816986, -0.007705688, -0.01699829,0.0003662109, -0.02005005, 0.0007629395
02:00:22.551 PM,116.85, 138.0253, -297.1615,351.436, 186.5278, 347.8329,-0.04881287, -0.0007171631, 0.00390625,0.0005187988, 0.02200317, -0.009796143
02:00:22.560 PM,116.9068, 138.0374, -297.1846,351.4243, 186.4964, 347.8351,0.05680084, 0.01216125, -0.02310181,-0.01171875, -0.03135681, 0.002166748
02:00:22.571 PM,116.8679, 138.0341, -297.1677,351.4306, 186.5181, 347.8413,-0.03887177, -0.003341675, 0.01687622,0.006286621, 0.02168274, 0.006225586
02:00:22.582 PM,116.8803, 138.0133, -297.1826,351.4305, 186.5108, 347.8337,0.01239014, -0.02084351, -0.01483154,-6.103516E-05, -0.007278442, -0.007598877
02:00:22.593 PM,116.9177, 138.0677, -297.2033,351.4268, 186.4899, 347.8445,0.03735352, 0.05439758, -0.02078247,-0.003753662, -0.02090454, 0.01077271
02:00:22.604 PM,116.9173, 138.0455, -297.2021,351.4283, 186.491, 347.8411,-0.0004119873, -0.02212524, 0.001190186,0.001495361, 0.001052856, -0.003356934
02:00:22.617 PM,116.8905, 138.0047, -297.2021,351.4373, 186.5067, 347.8294,-0.02674103, -0.04081726, 3.051758E-05,0.008972168, 0.01579285, -0.01168823
02:00:22.626 PM,116.922, 138.0122, -297.2122,351.4424, 186.4918, 347.837,0.03144836, 0.007446289, -0.01013184,0.005126953, -0.01498413, 0.007568359
02:00:22.678 PM,116.8741, 138.0201, -297.1682,351.4393, 186.5175, 347.839,-0.04792023, 0.007965088, 0.04400635,-0.003082275, 0.02575684, 0.002044678
02:00:22.686 PM,116.8789, 138.0286, -297.1689,351.4192, 186.511, 347.8341,0.004814148, 0.008499146, -0.0006408691,-0.02008057, -0.006546021, -0.004882813
02:00:22.694 PM,116.8748, 138.0551, -297.173,351.4112, 186.5126, 347.8309,-0.004104614, 0.02651978, -0.004089355,-0.008026123, 0.001586914, -0.003234863
02:00:22.705 PM,116.9096, 138.0326, -297.1866,351.4261, 186.4983, 347.8333,0.03485107, -0.02258301, -0.01367188,0.01486206, -0.01429749, 0.002441406
02:00:22.716 PM,116.9401, 138.0426, -297.2024,351.4348, 186.4836, 347.8391,0.03044128, 0.009994507, -0.01574707,0.008758545, -0.01467896, 0.005706787
02:00:22.727 PM,116.8944, 138.0816, -297.1763,351.4223, 186.5056, 347.8441,-0.04564667, 0.0390625, 0.02609253,-0.01251221, 0.02203369, 0.0050354
02:00:22.738 PM,116.9025, 138.0639, -297.1773,351.4266, 186.5032, 347.8444,0.008071899, -0.01766968, -0.00100708,0.004272461, -0.002410889, 0.0003356934
02:00:22.749 PM,116.8846, 138.0596, -297.1693,351.4245, 186.5134, 347.8416,-0.01790619, -0.004333496, 0.007965088,-0.002044678, 0.01019287, -0.002838135
02:00:22.760 PM,116.939, 138.0447, -297.2054,351.4155, 186.4838, 347.8302,0.05443573, -0.0149231, -0.03607178,-0.009002686, -0.02958679, -0.01141357
02:00:22.772 PM,116.9226, 138.0254, -297.1962,351.4316, 186.4976, 347.8349,-0.0164566, -0.01933289, 0.009185791,0.01611328, 0.01374817, 0.004760742
02:00:22.825 PM,116.9198, 138.0395, -297.1913,351.4269, 186.4989, 347.838,-0.002723694, 0.01411438, 0.004882813,-0.004760742, 0.00138855, 0.003051758
02:00:22.832 PM,116.9287, 138.0209, -297.1965,351.4203, 186.4873, 347.8345,0.008865356, -0.01860046, -0.005187988,-0.006622314, -0.01168823, -0.003479004
02:00:22.841 PM,116.9372, 137.9964, -297.1782,351.4192, 186.4893, 347.8336,0.008491516, -0.02445984, 0.01837158,-0.001068115, 0.00201416, -0.0008544922
02:00:22.850 PM,116.922, 137.9895, -297.1563,351.4247, 186.501, 347.8412,-0.0152359, -0.006912231, 0.02191162,0.005462646, 0.01171875, 0.007598877
02:00:22.861 PM,116.8973, 137.9823, -297.1537,351.41, 186.5067, 347.8307,-0.02468109, -0.007156372, 0.002532959,-0.01461792, 0.00567627, -0.01055908
02:00:22.872 PM,116.8958, 137.9502, -297.1594,351.4243, 186.5119, 347.8315,-0.001502991, -0.03213501, -0.00567627,0.01428223, 0.005249023, 0.0007629395
02:00:22.884 PM,116.8902, 137.8952, -297.1619,351.4223, 186.515, 347.8171,-0.005523682, -0.05503845, -0.002532959,-0.001983643, 0.003112793, -0.01434326
02:00:22.895 PM,116.8988, 137.9017, -297.1768,351.4203, 186.5039, 347.8165,0.008552551, 0.006576538, -0.0149231,-0.00201416, -0.01115417, -0.0006408691
02:00:22.906 PM,116.8659, 137.9105, -297.1405,351.4232, 186.5228, 347.8224,-0.03287506, 0.008743286, 0.03634644,0.002868652, 0.01890564, 0.005981445
02:00:22.917 PM,116.8546, 137.8863, -297.1393,351.4169, 186.527, 347.8123,-0.01136017, -0.02423096, 0.001159668,-0.006317139, 0.004257202, -0.01019287
02:00:22.975 PM,116.8934, 137.9209, -297.1584,351.42, 186.5043, 347.8242,0.0388031, 0.03463745, -0.019104,0.003143311, -0.0227356, 0.01196289
02:00:22.983 PM,116.8801, 137.8776, -297.1476,351.4274, 186.5123, 347.8151,-0.01322174, -0.0433197, 0.01083374,0.007385254, 0.008026123, -0.009094238
02:00:22.990 PM,116.8802, 137.9354, -297.1305,351.4232, 186.5163, 347.8301,8.392334E-05, 0.05780029, 0.01708984,-0.004211426, 0.003936768, 0.01495361
02:00:22.998 PM,116.8605, 137.9397, -297.1282,351.4013, 186.5199, 347.8195,-0.01977539, 0.004348755, 0.002349854,-0.0218811, 0.003631592, -0.01052856
02:00:23.007 PM,116.8916, 137.9189, -297.1429,351.4188, 186.5067, 347.8239,0.03113556, -0.02078247, -0.01470947,0.01751709, -0.01318359, 0.004364014
02:00:23.018 PM,116.8673, 137.9206, -297.1375,351.42, 186.519, 347.8202,-0.02428436, 0.001678467, 0.005371094,0.001159668, 0.01229858, -0.003753662
02:00:23.029 PM,116.8883, 137.9667, -297.1449,351.4014, 186.5028, 347.8257,0.02098083, 0.04605103, -0.007354736,-0.01855469, -0.01623535, 0.005554199
02:00:23.040 PM,116.8706, 137.9447, -297.1381,351.4204, 186.5153, 347.831,-0.01771545, -0.02192688, 0.00680542,0.01895142, 0.01252747, 0.005310059
02:00:23.056 PM,116.8766, 137.9172, -297.1458,351.4303, 186.5132, 347.8277,0.006019592, -0.02755737, -0.007781982,0.00994873, -0.002090454, -0.003356934
02:00:23.067 PM,116.8736, 137.9414, -297.1432,351.4077, 186.5119, 347.8242,-0.002944946, 0.02416992, 0.002655029,-0.02267456, -0.001358032, -0.003417969
02:00:23.114 PM,116.9015, 137.9264, -297.1544,351.4175, 186.4987, 347.8278,0.0279007, -0.01499939, -0.01116943,0.00982666, -0.01312256, 0.003540039
02:00:23.119 PM,116.8643, 137.9301, -297.1553,351.4263, 186.5197, 347.8219,-0.03725433, 0.003723145, -0.0009155273,0.008850098, 0.02098083, -0.005889893
02:00:23.130 PM,116.8617, 137.9687, -297.1514,351.4195, 186.5204, 347.8282,-0.002563477, 0.03857422, 0.00390625,-0.00680542, 0.0006713867, 0.006256104
02:00:23.141 PM,116.8836, 137.9383, -297.1613,351.4165, 186.5086, 347.8202,0.02191925, -0.03033447, -0.009979248,-0.002990723, -0.01182556, -0.007995605
02:00:23.152 PM,116.8727, 137.9823, -297.1577,351.4165, 186.5138, 347.8293,-0.01089478, 0.04393005, 0.003601074,-3.051758E-05, 0.005279541, 0.009094238
02:00:23.163 PM,116.8763, 138.0242, -297.1569,351.4098, 186.5111, 347.8376,0.003562927, 0.04193115, 0.0008850098,-0.006713867, -0.002716064, 0.008300781
02:00:23.174 PM,116.8545, 138.0032, -297.1458,351.4248, 186.5255, 347.8393,-0.02181244, -0.02095032, 0.01104736,0.01501465, 0.01437378, 0.00177002
02:00:23.185 PM,116.8824, 137.9938, -297.1719,351.4186, 186.5096, 347.8295,0.02789307, -0.009399414, -0.02612305,-0.006225586, -0.01594543, -0.009857178
02:00:23.197 PM,116.8921, 138.0228, -297.1767,351.4157, 186.5041, 347.8342,0.00970459, 0.02893066, -0.004760742,-0.00289917, -0.005493164, 0.004730225
02:00:23.208 PM,116.9159, 138.0373, -297.1787,351.418, 186.4923, 347.8439,0.02379608, 0.01455688, -0.00201416,0.002319336, -0.01173401, 0.00970459
02:00:23.260 PM,116.8736, 138.0138, -297.1639,351.4103, 186.5131, 347.8319,-0.04234314, -0.02351379, 0.01483154,-0.007659912, 0.02081299, -0.01199341
02:00:23.267 PM,116.8869, 137.9973, -297.1823,351.4122, 186.5072, 347.8232,0.01335144, -0.01655579, -0.01846313,0.00189209, -0.00592041, -0.008728027
02:00:23.279 PM,116.9387, 138.0166, -297.1951,351.425, 186.4846, 347.8368,0.05175781, 0.01931763, -0.01278687,0.01275635, -0.0226593, 0.01361084
02:00:23.287 PM,116.8803, 138.0062, -297.166,351.4125, 186.5143, 347.829,-0.05836487, -0.01040649, 0.0291748,-0.01248169, 0.02978516, -0.007751465
02:00:23.297 PM,116.9281, 138.0122, -297.1995,351.4162, 186.4864, 347.8296,0.04779053, 0.006027222, -0.03356934,0.003692627, -0.02798462, 0.000579834
02:00:23.308 PM,116.8818, 138.0146, -297.1613,351.4043, 186.5097, 347.828,-0.04624939, 0.002410889, 0.03826904,-0.01187134, 0.02331543, -0.001586914
02:00:23.319 PM,116.898, 138.0293, -297.1715,351.4137, 186.5021, 347.8345,0.0161972, 0.01473999, -0.01025391,0.009368896, -0.007568359, 0.006469727
02:00:23.331 PM,116.8944, 138.0345, -297.1733,351.4112, 186.5056, 347.8313,-0.003585815, 0.005126953, -0.001800537,-0.002471924, 0.003479004, -0.003204346
02:00:23.342 PM,116.8762, 138.0174, -297.1592,351.4181, 186.5177, 347.8307,-0.0182724, -0.01704407, 0.01412964,0.006896973, 0.0120697, -0.0006408691
02:00:23.353 PM,116.9109, 138.0721, -297.1648,351.4243, 186.5011, 347.851,0.03475952, 0.05470276, -0.005615234,0.006225586, -0.01652527, 0.02029419
02:00:23.405 PM,116.8964, 138.0136, -297.1831,351.4152, 186.5018, 347.8234,-0.01451874, -0.05848694, -0.01828003,-0.009155273, 0.0007019043, -0.02752686
02:00:23.412 PM,116.8762, 137.9869, -297.1703,351.416, 186.5131, 347.8177,-0.02026367, -0.02676392, 0.01281738,0.0007629395, 0.0112915, -0.00567627
02:00:23.420 PM,116.8981, 138.0201, -297.1918,351.4246, 186.5055, 347.8365,0.02193451, 0.03320313, -0.02157593,0.008666992, -0.007659912, 0.01873779
02:00:23.434 PM,116.8844, 138.0241, -297.1926,351.4063, 186.508, 347.8272,-0.01373291, 0.00402832, -0.0007324219,-0.01831055, 0.002563477, -0.009307861
02:00:23.443 PM,116.8651, 138.0132, -297.166,351.4053, 186.5183, 347.8228,-0.01928711, -0.01089478, 0.02655029,-0.001037598, 0.01028442, -0.004394531
02:00:23.454 PM,116.879, 138.0032, -297.1755,351.4196, 186.5133, 347.8254,0.01389313, -0.009979248, -0.009521484,0.01434326, -0.004974365, 0.002655029
02:00:23.465 PM,116.8531, 138.0314, -297.164,351.4096, 186.5215, 347.8284,-0.02583313, 0.02812195, 0.01150513,-0.009979248, 0.008209229, 0.002990723
02:00:23.476 PM,116.8769, 138.0236, -297.162,351.4164, 186.5092, 347.8299,0.02378845, -0.007766724, 0.001983643,0.00680542, -0.01234436, 0.001464844
02:00:23.489 PM,116.8716, 138.0455, -297.1531,351.4177, 186.5118, 347.8379,-0.0052948, 0.02191162, 0.008911133,0.001220703, 0.002563477, 0.007965088
02:00:23.498 PM,116.9086, 138.0526, -297.1755,351.4081, 186.4906, 347.8335,0.03695679, 0.007110596, -0.0223999,-0.009521484, -0.02119446, -0.004364014
02:00:23.551 PM,116.891, 138.0401, -297.163,351.412, 186.5005, 347.8359,-0.01753998, -0.01252747, 0.01254272,0.003845215, 0.00994873, 0.002441406
02:00:23.561 PM,116.8989, 138.0119, -297.1674,351.4155, 186.4966, 347.8318,0.007896423, -0.02818298, -0.004394531,0.003479004, -0.00390625, -0.004119873
02:00:23.569 PM,116.8766, 138.0351, -297.1671,351.4193, 186.5117, 347.8334,-0.02228546, 0.0231781, 0.0002441406,0.003845215, 0.01506042, 0.001586914
02:00:23.577 PM,116.8739, 138.017, -297.1659,351.4354, 186.5172, 347.8381,-0.002784729, -0.01806641, 0.001220703,0.01611328, 0.005523682, 0.004699707
02:00:23.588 PM,116.8804, 138.0153, -297.1484,351.4185, 186.5123, 347.8419,0.006530762, -0.001678467, 0.01751709,-0.01690674, -0.00491333, 0.003753662
02:00:23.599 PM,116.8881, 138.0134, -297.1601,351.424, 186.5089, 347.8404,0.00769043, -0.001953125, -0.01165771,0.005493164, -0.00340271, -0.001495361
02:00:23.620 PM,116.8428, 137.9789, -297.1385,351.4196, 186.5324, 347.8311,-0.04528809, -0.03450012, 0.02151489,-0.004364014, 0.02355957, -0.009216309
02:00:23.627 PM,116.8341, 137.9611, -297.1422,351.418, 186.5364, 347.8234,-0.008728027, -0.01782227, -0.003601074,-0.001617432, 0.003952026, -0.007751465
02:00:23.636 PM,116.8673, 137.9903, -297.1617,351.4188, 186.5184, 347.8311,0.03323364, 0.02928162, -0.01956177,0.000793457, -0.01799011, 0.007720947
02:00:23.644 PM,116.8837, 137.9534, -297.1691,351.4193, 186.5095, 347.8217,0.01637268, -0.03694153, -0.007415771,0.0004882813, -0.008865356, -0.009460449
02:00:23.696 PM,116.8663, 137.9699, -297.1657,351.4103, 186.5166, 347.8189,-0.01741791, 0.01652527, 0.003387451,-0.009002686, 0.007019043, -0.002746582
02:00:23.704 PM,116.8671, 137.9816, -297.1609,351.4165, 186.5172, 347.8242,0.000831604, 0.01165771, 0.00479126,0.006225586, 0.0006866455, 0.005310059
02:00:23.715 PM,116.8442, 137.9955, -297.1571,351.4185, 186.5328, 347.8331,-0.02293396, 0.01387024, 0.003814697,0.00201416, 0.01553345, 0.008850098
02:00:23.722 PM,116.8624, 137.9511, -297.1685,351.4255, 186.5248, 347.8273,0.01820374, -0.04431152, -0.01138306,0.006958008, -0.008010864, -0.005737305
02:00:23.733 PM,116.9202, 137.9945, -297.1971,351.414, 186.49, 347.8359,0.05781555, 0.0433197, -0.02862549,-0.01147461, -0.0348053, 0.008605957
02:00:23.744 PM,116.8725, 137.9923, -297.1516,351.4078, 186.5145, 347.8338,-0.04772186, -0.002120972, 0.04553223,-0.006195068, 0.02449036, -0.002166748
02:00:23.756 PM,116.84, 137.9809, -297.1381,351.4012, 186.5305, 347.8277,-0.03249359, -0.01142883, 0.01348877,-0.006591797, 0.01609802, -0.00604248
02:00:23.767 PM,116.9087, 137.9961, -297.1758,351.4026, 186.4986, 347.8295,0.0687561, 0.01516724, -0.03765869,0.001342773, -0.03196716, 0.00177002
02:00:23.778 PM,116.8724, 138.0492, -297.1229,351.3902, 186.5167, 347.8452,-0.03627014, 0.05316162, 0.05291748,-0.01235962, 0.01809692, 0.01568604
02:00:23.789 PM,116.8606, 138.0105, -297.1373,351.4043, 186.5255, 347.8314,-0.01180267, -0.03871155, -0.01446533,0.01403809, 0.008789063, -0.01382446
02:00:23.846 PM,116.903, 138.0568, -297.1555,351.4052, 186.5032, 347.8437,0.04236603, 0.04627991, -0.01818848,0.0009765625, -0.02224731, 0.0123291
02:00:23.851 PM,116.8805, 138.0496, -297.134,351.4074, 186.5162, 347.845,-0.02255249, -0.007247925, 0.02148438,0.002197266, 0.01298523, 0.001342773
02:00:23.857 PM,116.8709, 138.0539, -297.1541,351.4099, 186.5179, 347.8398,-0.009529114, 0.004364014, -0.02005005,0.002471924, 0.001693726, -0.005187988
02:00:23.867 PM,116.8628, 138.0099, -297.1572,351.4094, 186.5233, 347.8234,-0.008079529, -0.04403687, -0.003143311,-0.0004882813, 0.005386353, -0.01641846
02:00:23.878 PM,116.881, 138.0422, -297.1581,351.4142, 186.5155, 347.8367,0.01811981, 0.03231812, -0.0008239746,0.004821777, -0.007797241, 0.01330566
02:00:23.890 PM,116.8712, 138.0262, -297.1509,351.4094, 186.5209, 347.8311,-0.009742737, -0.01596069, 0.007141113,-0.004821777, 0.00541687, -0.00567627
02:00:23.901 PM,116.9014, 138.0591, -297.1568,351.4063, 186.5, 347.8418,0.030159, 0.03289795, -0.00592041,-0.003173828, -0.0209198, 0.01077271
02:00:23.912 PM,116.8561, 138.0271, -297.1392,351.4127, 186.5247, 347.8326,-0.04528809, -0.03205872, 0.01766968,0.006439209, 0.02470398, -0.009246826
02:00:23.925 PM,116.8831, 138.0218, -297.1373,351.4135, 186.5108, 347.84,0.02705383, -0.005264282, 0.001861572,0.0008239746, -0.01385498, 0.007415771
02:00:23.934 PM,116.8365, 137.9885, -297.1196,351.4107, 186.5334, 347.8286,-0.04666901, -0.03335571, 0.01766968,-0.002838135, 0.02256775, -0.01144409
02:00:23.996 PM,116.8758, 137.9942, -297.1363,351.4103, 186.5118, 347.8312,0.03927612, 0.005706787, -0.01669312,-0.0003967285, -0.0216217, 0.002655029
02:00:24.003 PM,116.841, 137.9824, -297.1266,351.4188, 186.5309, 347.8262,-0.03477478, -0.0118103, 0.009735107,0.008514404, 0.01911926, -0.004974365
02:00:24.012 PM,116.8909, 137.9811, -297.1499,351.42, 186.506, 347.8348,0.04994202, -0.001281738, -0.02328491,0.001251221, -0.02487183, 0.008575439
02:00:24.024 PM,116.8654, 137.981, -297.1384,351.4129, 186.5188, 347.8309,-0.02550507, -4.577637E-05, 0.01150513,-0.007110596, 0.01274109, -0.003875732
02:00:24.035 PM,116.886, 137.9826, -297.1444,351.417, 186.5142, 347.832,0.02059937, 0.001525879, -0.00604248,0.004089355, -0.00453186, 0.001068115
02:00:24.046 PM,116.8517, 137.9839, -297.1226,351.4081, 186.5316, 347.829,-0.03427887, 0.001327515, 0.02185059,-0.008911133, 0.01733398, -0.002990723
02:00:24.057 PM,116.8907, 137.9876, -297.1364,351.4124, 186.5112, 347.8351,0.03896332, 0.003707886, -0.0138855,0.004333496, -0.02032471, 0.006072998
02:00:24.068 PM,116.8762, 137.9401, -297.1392,351.4176, 186.5203, 347.8212,-0.01452637, -0.04745483, -0.002746582,0.005157471, 0.009048462, -0.01391602
02:00:24.091 PM,116.8922, 137.9771, -297.1371,351.412, 186.512, 347.8333,0.01598358, 0.03695679, 0.002105713,-0.005584717, -0.008255005, 0.012146
02:00:24.112 PM,116.899, 137.9382, -297.15,351.415, 186.5038, 347.8236,0.006881714, -0.03890991, -0.01293945,0.002990723, -0.00819397, -0.009674072
02:00:24.170 PM,116.8724, 137.991, -297.1291,351.4159, 186.5174, 347.8392,-0.0266571, 0.05279541, 0.02090454,0.0008544922, 0.01353455, 0.01553345
02:00:24.177 PM,116.8769, 137.9427, -297.1579,351.4412, 186.5181, 347.8369,0.004562378, -0.04830933, -0.02874756,0.02529907, 0.0007324219, -0.002227783
02:00:24.187 PM,116.879, 137.9706, -297.1757,351.4296, 186.5125, 347.8371,0.002029419, 0.0279541, -0.01779175,-0.01153564, -0.005645752, 0.0001525879
02:00:24.214 PM,116.8451, 137.9669, -297.1426,351.4168, 186.5289, 347.8273,-0.03391266, -0.003753662, 0.03305054,-0.0128479, 0.01641846, -0.009765625
02:00:24.240 PM,116.8647, 137.9881, -297.1387,351.4101, 186.5177, 347.8338,0.01964569, 0.02127075, 0.00390625,-0.006713867, -0.01121521, 0.006439209
02:00:24.258 PM,116.8643, 137.9789, -297.1447,351.4028, 186.5164, 347.8259,-0.0004043579, -0.009262085, -0.00604248,-0.007293701, -0.001281738, -0.007873535
02:00:24.269 PM,116.8846, 138.01, -297.1425,351.4089, 186.5078, 347.8436,0.02033234, 0.03114319, 0.002288818,0.006103516, -0.008560181, 0.0177002
02:00:24.280 PM,116.8658, 138.0103, -297.1329,351.4036, 186.5163, 347.8419,-0.01886749, 0.0002746582, 0.009552002,-0.005279541, 0.008483887, -0.001739502
02:00:24.292 PM,116.8668, 138.0181, -297.1353,351.403, 186.5199, 347.8404,0.001045227, 0.007827759, -0.002441406,-0.000579834, 0.003555298, -0.001495361
02:00:24.303 PM,116.8501, 138.0172, -297.1161,351.4137, 186.5319, 347.8471,-0.01672363, -0.0009002686, 0.01925659,0.01068115, 0.01203918, 0.006744385
02:00:24.357 PM,116.8892, 138.0002, -297.1406,351.4063, 186.509, 347.8386,0.03914642, -0.01701355, -0.0244751,-0.007385254, -0.02293396, -0.008514404
02:00:24.365 PM,116.8905, 138.0309, -297.1418,351.4057, 186.5083, 347.8445,0.001251221, 0.03063965, -0.001281738,-0.0006408691, -0.0006256104, 0.00592041
02:00:24.376 PM,116.8555, 137.9975, -297.1366,351.4165, 186.526, 347.8324,-0.03503418, -0.03338623, 0.005249023,0.01083374, 0.0176239, -0.01208496
02:00:24.384 PM,116.8798, 138.0488, -297.1355,351.4052, 186.5105, 347.8459,0.0243454, 0.05134583, 0.001098633,-0.01132202, -0.01544189, 0.01348877
02:00:24.392 PM,116.8711, 138.0378, -297.1347,351.4072, 186.5154, 347.8417,-0.008682251, -0.01097107, 0.0007629395,0.002044678, 0.004852295, -0.004180908
02:00:24.403 PM,116.8935, 138.0221, -297.1505,351.4155, 186.5035, 347.8401,0.02236176, -0.01570129, -0.01580811,0.008300781, -0.01185608, -0.001586914
02:00:24.415 PM,116.8461, 138.0055, -297.1311,351.4062, 186.5264, 347.8302,-0.04734802, -0.01660156, 0.01947021,-0.009307861, 0.02287292, -0.009979248
02:00:24.426 PM,116.9073, 138.0228, -297.1622,351.4145, 186.4992, 347.836,0.06118011, 0.01730347, -0.03115845,0.008300781, -0.02722168, 0.005828857
02:00:24.437 PM,116.8716, 138.0501, -297.1343,351.4044, 186.5175, 347.8466,-0.03572845, 0.02723694, 0.02792358,-0.01013184, 0.01829529, 0.01055908
02:00:24.448 PM,116.9026, 138.0516, -297.1497,351.4215, 186.5043, 347.8538,0.03097534, 0.001495361, -0.01544189,0.01708984, -0.01316833, 0.007202148
02:00:24.510 PM,116.8646, 138.007, -297.1432,351.4065, 186.518, 347.8333,-0.03793335, -0.04457092, 0.006500244,-0.01495361, 0.01370239, -0.02047729
02:00:24.518 PM,116.8522, 137.9985, -297.1271,351.4161, 186.5262, 347.8374,-0.01243591, -0.008468628, 0.01617432,0.00958252, 0.008239746, 0.004089355
02:00:24.529 PM,116.844, 138.0199, -297.1264,351.4111, 186.5254, 347.8385,-0.008178711, 0.02140808, 0.0006408691,-0.0050354, -0.0008850098, 0.001159668
02:00:24.538 PM,116.8556, 138.0019, -297.1361,351.4034, 186.5192, 347.829,0.01154327, -0.01805115, -0.009674072,-0.00769043, -0.006195068, -0.009552002
02:00:24.549 PM,116.8438, 138.0538, -297.1173,351.4082, 186.5263, 347.8479,-0.01171112, 0.05186462, 0.01876831,0.00479126, 0.007141113, 0.01889038
02:00:24.560 PM,116.8432, 138.0191, -297.1254,351.4063, 186.5279, 347.8341,-0.0006637573, -0.03469849, -0.008056641,-0.001861572, 0.001617432, -0.01379395
02:00:24.571 PM,116.8223, 137.9998, -297.1158,351.4073, 186.5391, 347.8326,-0.02088928, -0.01922607, 0.00958252,0.0009460449, 0.01118469, -0.001495361
02:00:24.582 PM,116.8505, 138.0166, -297.127,351.4095, 186.5239, 347.8395,0.02825165, 0.01675415, -0.01123047,0.002197266, -0.01522827, 0.006958008
02:00:24.593 PM,116.8738, 138.0642, -297.1377,351.4022, 186.5144, 347.8446,0.02322388, 0.0476532, -0.01068115,-0.007232666, -0.009490967, 0.005065918
02:00:24.604 PM,116.8631, 138.0588, -297.1314,351.4142, 186.5225, 347.8528,-0.01070404, -0.005462646, 0.006286621,0.01199341, 0.008102417, 0.008239746
02:00:24.660 PM,116.8663, 138.0459, -297.1359,351.4205, 186.5224, 347.8506,0.003196716, -0.01289368, -0.004425049,0.006317139, -9.155273E-05, -0.002197266
02:00:24.667 PM,116.8768, 138.0515, -297.1485,351.4128, 186.5097, 347.8464,0.01051331, 0.005584717, -0.01263428,-0.007720947, -0.01266479, -0.004272461
02:00:24.674 PM,116.877, 138.0411, -297.1461,351.4255, 186.5114, 347.846,0.0001907349, -0.01036072, 0.002380371,0.01269531, 0.001663208, -0.0003662109
02:00:24.684 PM,116.8578, 138.0422, -297.1365,351.4178, 186.5199, 347.8427,-0.01917267, 0.00112915, 0.00958252,-0.00769043, 0.008468628, -0.003265381
02:00:24.693 PM,116.8968, 138.0587, -297.1577,351.4117, 186.5019, 347.8414,0.03905487, 0.01641846, -0.02111816,-0.006103516, -0.01794434, -0.001373291
02:00:24.705 PM,116.8665, 138.0599, -297.1441,351.4216, 186.5208, 347.8519,-0.03038788, 0.001220703, 0.0135498,0.009887695, 0.01890564, 0.01052856
02:00:24.716 PM,116.9014, 138.0655, -297.1616,351.4299, 186.5036, 347.8582,0.03494263, 0.005599976, -0.01748657,0.008270264, -0.01727295, 0.006286621
02:00:24.727 PM,116.8927, 138.06, -297.1471,351.4164, 186.5098, 347.8565,-0.008735657, -0.005508423, 0.01446533,-0.01351929, 0.006195068, -0.001647949
02:00:24.740 PM,116.8857, 138.0431, -297.1369,351.4258, 186.516, 347.8571,-0.006919861, -0.01683044, 0.01025391,0.009460449, 0.006256104, 0.0006103516
02:00:24.750 PM,116.885, 138.0272, -297.1398,351.4242, 186.5166, 347.8511,-0.0007095337, -0.01591492, -0.002929688,-0.001586914, 0.0006408691, -0.006072998
02:00:24.808 PM,116.8915, 138.0198, -297.1552,351.4066, 186.505, 347.8397,0.006492615, -0.007446289, -0.01535034,-0.01757813, -0.01165771, -0.01141357
02:00:24.816 PM,116.9018, 138.0321, -297.161,351.4253, 186.5037, 347.8588,0.01029205, 0.01234436, -0.005828857,0.01867676, -0.001251221, 0.01916504
02:00:24.828 PM,116.9023, 138.034, -297.1655,351.4098, 186.4962, 347.8465,0.0004730225, 0.001907349, -0.004516602,-0.01550293, -0.007553101, -0.01229858
02:00:24.839 PM,116.8562, 137.9936, -297.1417,351.4206, 186.5234, 347.8399,-0.0460968, -0.04040527, 0.02383423,0.01074219, 0.02723694, -0.006652832
02:00:24.850 PM,116.8713, 138.0134, -297.155,351.4168, 186.5144, 347.8401,0.01513672, 0.01980591, -0.01333618,-0.003753662, -0.009063721, 0.0001831055
02:00:24.861 PM,116.8972, 138.0627, -297.1625,351.4094, 186.5005, 347.851,0.02591705, 0.04925537, -0.007537842,-0.007415771, -0.0138855, 0.01095581
02:00:24.872 PM,116.8682, 138.0013, -297.1479,351.4059, 186.5161, 347.8306,-0.02899933, -0.06140137, 0.0145874,-0.003448486, 0.01560974, -0.02038574
02:00:24.883 PM,116.8952, 138.059, -297.1591,351.4133, 186.5036, 347.848,0.02697754, 0.05769348, -0.01116943,0.007385254, -0.01252747, 0.01739502
02:00:24.895 PM,116.9229, 138.0871, -297.1735,351.4028, 186.4885, 347.8502,0.02768707, 0.02810669, -0.01434326,-0.01052856, -0.01506042, 0.00213623
02:00:24.906 PM,116.8597, 138.0605, -297.1392,351.4093, 186.5248, 347.8471,-0.06321716, -0.02659607, 0.03430176,0.006469727, 0.0362854, -0.003082275
02:00:24.968 PM,116.8968, 138.0572, -297.1556,351.4193, 186.5064, 347.8525,0.03714752, -0.003311157, -0.01647949,0.0100708, -0.01835632, 0.005432129
02:00:24.975 PM,116.9061, 138.0695, -297.1648,351.4146, 186.4989, 347.8526,0.009223938, 0.0123291, -0.009155273,-0.00479126, -0.007492065, 9.155273E-05
02:00:24.985 PM,116.9222, 138.0549, -297.1622,351.4149, 186.4936, 347.8521,0.0161438, -0.01464844, 0.002563477,0.0003967285, -0.005340576, -0.0005187988
02:00:24.995 PM,116.9371, 138.0603, -297.1763,351.4033, 186.4824, 347.8472,0.0149231, 0.005447388, -0.0140686,-0.01168823, -0.01119995, -0.00491333
02:00:25.006 PM,116.899, 138.0313, -297.1506,351.4128, 186.5061, 347.8442,-0.03810883, -0.02900696, 0.02566528,0.009490967, 0.02366638, -0.002990723
02:00:25.018 PM,116.8977, 138.0304, -297.1482,351.4111, 186.5075, 347.8439,-0.001312256, -0.0009307861, 0.002441406,-0.001617432, 0.001419067, -0.0002746582
02:00:25.029 PM,116.8929, 138.0259, -297.1548,351.3969, 186.5038, 347.834,-0.004829407, -0.004501343, -0.006561279,-0.01428223, -0.003662109, -0.009918213
02:00:25.040 PM,116.897, 138.0401, -297.1451,351.4041, 186.5043, 347.8463,0.004089355, 0.01426697, 0.009674072,0.007263184, 0.0005187988, 0.01226807
02:00:25.051 PM,116.9322, 138.0592, -297.1607,351.4133, 186.4878, 347.8562,0.03526306, 0.01905823, -0.015625,0.009185791, -0.01651001, 0.009918213
02:00:25.062 PM,116.8892, 138.0296, -297.154,351.3938, 186.5051, 347.8347,-0.04306793, -0.02954102, 0.006744385,-0.01947021, 0.01722717, -0.02145386
02:00:25.118 PM,116.8901, 137.9898, -297.1544,351.4001, 186.5065, 347.8274,0.0008926392, -0.03982544, -0.0004882813,0.006286621, 0.001464844, -0.007354736
02:00:25.125 PM,116.8782, 138.0512, -297.1407,351.4047, 186.5139, 347.8455,-0.0118866, 0.06134033, 0.01373291,0.004547119, 0.007354736, 0.01812744
02:00:25.134 PM,116.8994, 138.0365, -297.1594,351.3965, 186.5009, 347.8324,0.02124786, -0.01463318, -0.01870728,-0.008148193, -0.01300049, -0.01312256
02:00:25.141 PM,116.9061, 138.0219, -297.1672,351.4134, 186.5014, 347.8393,0.006721497, -0.01464844, -0.007781982,0.0168457, 0.0005187988, 0.00692749
02:00:25.152 PM,116.9108, 138.0146, -297.1805,351.4114, 186.4989, 347.8309,0.004699707, -0.00730896, -0.01333618,-0.001922607, -0.002487183, -0.008361816
02:00:25.163 PM,116.9143, 138.0595, -297.1783,351.4113, 186.4986, 347.8426,0.003456116, 0.04489136, 0.002258301,-9.155273E-05, -0.0003204346, 0.01168823
02:00:25.174 PM,116.9027, 138.0361, -297.1718,351.4185, 186.5074, 347.8405,-0.01158905, -0.02336121, 0.006439209,0.007171631, 0.008865356, -0.00213623
02:00:25.186 PM,116.8982, 138.0284, -297.1714,351.4193, 186.511, 347.8373,-0.004554749, -0.00769043, 0.0003967285,0.000793457, 0.003509521, -0.003173828
02:00:25.199 PM,116.8914, 138.0397, -297.1724,351.3984, 186.5099, 347.8292,-0.006721497, 0.01124573, -0.0009460449,-0.02087402, -0.001022339, -0.008117676
02:00:25.208 PM,116.9086, 138.0139, -297.1775,351.4133, 186.505, 347.8285,0.01712799, -0.02572632, -0.005065918,0.01483154, -0.004943848, -0.0006713867
02:00:25.265 PM,116.9095, 138.0547, -297.1667,351.4099, 186.5045, 347.8407,0.0009384155, 0.04075623, 0.01074219,-0.003387451, -0.0004882813, 0.01217651
02:00:25.272 PM,116.9032, 138.0493, -297.1779,351.4051, 186.5003, 347.8333,-0.006278992, -0.005340576, -0.01116943,-0.004821777, -0.004196167, -0.007354736
02:00:25.280 PM,116.899, 138.0559, -297.1646,351.4098, 186.5002, 347.8398,-0.004257202, 0.006591797, 0.01324463,0.004760742, -0.0001525879, 0.006408691
02:00:25.287 PM,116.873, 138.0546, -297.1554,351.4096, 186.5133, 347.8364,-0.02598572, -0.001373291, 0.009216309,-0.0002441406, 0.01315308, -0.003326416
02:00:25.297 PM,116.8903, 138.0708, -297.1681,351.4011, 186.5004, 347.835,0.01735687, 0.01623535, -0.01269531,-0.008483887, -0.01292419, -0.001464844
02:00:25.308 PM,116.8638, 138.0237, -297.1584,351.413, 186.5165, 347.826,-0.02651215, -0.04708862, 0.009674072,0.01187134, 0.01608276, -0.008911133
02:00:25.319 PM,116.8447, 137.9999, -297.1553,351.4172, 186.5264, 347.8183,-0.01917267, -0.02381897, 0.003143311,0.004211426, 0.009963989, -0.007720947
02:00:25.330 PM,116.8881, 138.0618, -297.1676,351.4151, 186.5018, 347.8362,0.04344177, 0.06187439, -0.01229858,-0.002075195, -0.02461243, 0.01791382
02:00:25.342 PM,116.867, 138.0126, -297.1757,351.4296, 186.5154, 347.8316,-0.0210495, -0.04920959, -0.008117676,0.01449585, 0.01359558, -0.004608154
02:00:25.353 PM,116.8619, 137.9699, -297.1734,351.4233, 186.5165, 347.8206,-0.005172729, -0.04266357, 0.002288818,-0.006286621, 0.001113892, -0.01098633
02:00:25.410 PM,116.8569, 137.9897, -297.1722,351.4225, 186.5215, 347.8231,-0.004981995, 0.01977539, 0.001190186,-0.000793457, 0.004943848, 0.002441406
02:00:25.417 PM,116.8785, 137.9796, -297.1891,351.4259, 186.5096, 347.8271,0.02157593, -0.01008606, -0.01690674,0.003356934, -0.01191711, 0.004058838
02:00:25.426 PM,116.8853, 137.9728, -297.1703,351.4223, 186.506, 347.8281,0.006874084, -0.006774902, 0.01882935,-0.003570557, -0.003570557, 0.0009460449
02:00:25.434 PM,116.8836, 137.9889, -297.1703,351.4105, 186.5079, 347.8253,-0.001747131, 0.0160675, 6.103516E-05,-0.01184082, 0.001922607, -0.002838135
02:00:25.442 PM,116.876, 138.0104, -297.1482,351.4038, 186.5117, 347.8318,-0.007598877, 0.02156067, 0.02206421,-0.006622314, 0.00378418, 0.006591797
02:00:25.457 PM,116.8635, 138.0183, -297.1437,351.4258, 186.5222, 347.8403,-0.01250458, 0.007904053, 0.004486084,0.02197266, 0.01048279, 0.008453369
02:00:25.468 PM,116.8755, 138.0348, -297.1505,351.4142, 186.5145, 347.8382,0.0120163, 0.01644897, -0.006774902,-0.01159668, -0.007644653, -0.00213623
02:00:25.477 PM,116.8658, 137.9942, -297.1528,351.4176, 186.5216, 347.8301,-0.009750366, -0.04058838, -0.002288818,0.003417969, 0.007095337, -0.008026123
02:00:25.487 PM,116.8888, 137.9723, -297.1593,351.4139, 186.5089, 347.8275,0.02305603, -0.02191162, -0.006530762,-0.003753662, -0.01271057, -0.002685547
02:00:25.498 PM,116.8954, 137.9957, -297.1646,351.4077, 186.503, 347.8303,0.00655365, 0.0234375, -0.005249023,-0.006164551, -0.005874634, 0.002807617
02:00:25.556 PM,116.9036, 137.9649, -297.1755,351.4173, 186.5019, 347.8295,0.008232117, -0.03085327, -0.01095581,0.009552002, -0.00112915, -0.0007629395
02:00:25.564 PM,116.8931, 137.9979, -297.1666,351.4163, 186.5087, 347.8377,-0.01052856, 0.0329895, 0.00894165,-0.00100708, 0.006774902, 0.008209229
02:00:25.576 PM,116.902, 137.9958, -297.1626,351.4058, 186.4999, 347.8304,0.008926392, -0.002029419, 0.003997803,-0.01046753, -0.008773804, -0.007293701
02:00:25.587 PM,116.9162, 138.0037, -297.1638,351.4233, 186.496, 347.8418,0.0141983, 0.007888794, -0.001190186,0.01751709, -0.003921509, 0.01135254
02:00:25.599 PM,116.9268, 138.0194, -297.1713,351.3987, 186.4864, 347.834,0.01062012, 0.01568604, -0.007537842,-0.0246582, -0.009628296, -0.007720947
02:00:25.610 PM,116.9077, 137.9733, -297.163,351.4129, 186.4992, 347.8272,-0.01914215, -0.04608154, 0.008270264,0.01428223, 0.0128479, -0.006866455
02:00:25.621 PM,116.9131, 138.0158, -297.1531,351.4118, 186.497, 347.8423,0.005432129, 0.04248047, 0.00994873,-0.00112915, -0.002182007, 0.01516724
02:00:25.634 PM,116.9102, 138.0153, -297.1611,351.4042, 186.4944, 347.8351,-0.002861023, -0.00050354, -0.007995605,-0.007629395, -0.002639771, -0.007293701
02:00:25.643 PM,116.8992, 137.973, -297.1671,351.4248, 186.5044, 347.8357,-0.01107025, -0.0422821, -0.006072998,0.0206604, 0.009994507, 0.0006713867
02:00:25.654 PM,116.903, 137.9437, -297.1678,351.418, 186.5014, 347.8277,0.003799438, -0.02929688, -0.0006713867,-0.006835938, -0.002975464, -0.007995605
02:00:25.710 PM,116.9266, 137.9734, -297.1768,351.4108, 186.4919, 347.831,0.02367401, 0.02964783, -0.008972168,-0.007171631, -0.009536743, 0.003295898
02:00:25.720 PM,116.9087, 137.9996, -297.1429,351.4009, 186.5007, 347.8394,-0.01798248, 0.0262146, 0.03384399,-0.009918213, 0.00881958, 0.008361816
02:00:25.731 PM,116.9192, 138.0115, -297.159,351.4095, 186.4903, 347.84,0.01053619, 0.01193237, -0.01602173,0.008575439, -0.01042175, 0.0006103516
02:00:25.744 PM,116.8909, 138.0128, -297.1494,351.4004, 186.5044, 347.8322,-0.02830505, 0.001296997, 0.009552002,-0.009124756, 0.01409912, -0.007751465
02:00:25.758 PM,116.8615, 138.0395, -297.1282,351.4131, 186.523, 347.8404,-0.02942657, 0.0266571, 0.0211792,0.01275635, 0.0186615, 0.008178711
02:00:25.777 PM,116.926, 138.044, -297.1603,351.4166, 186.4903, 347.8425,0.06455231, 0.00453186, -0.03204346,0.003509521, -0.03276062, 0.002105713
02:00:25.800 PM,116.91, 138.0477, -297.1558,351.4112, 186.4986, 347.8376,-0.01599121, 0.003738403, 0.004455566,-0.005462646, 0.008361816, -0.004943848
02:00:25.822 PM,116.8814, 137.9984, -297.1541,351.4207, 186.5153, 347.8253,-0.02861023, -0.0493927, 0.00177002,0.00958252, 0.01664734, -0.0123291
02:00:25.837 PM,116.9276, 138.0492, -297.1766,351.4204, 186.4872, 347.8397,0.04613495, 0.0508728, -0.02258301,-0.0003051758, -0.02804565, 0.0144043
02:00:25.850 PM,116.9003, 138.0273, -297.1765,351.4362, 186.5056, 347.8447,-0.02723694, -0.02197266, 0.0001525879,0.01577759, 0.01832581, 0.005065918
02:00:25.909 PM,116.9083, 138.0002, -297.1774,351.4346, 186.5018, 347.8404,0.007987976, -0.02703857, -0.0008850098,-0.001647949, -0.003723145, -0.004333496
02:00:25.922 PM,116.8935, 138.033, -297.1505,351.4171, 186.5086, 347.8423,-0.01482391, 0.03282166, 0.02688599,-0.01751709, 0.006729126, 0.001922607
02:00:25.935 PM,116.8656, 137.9511, -297.1485,351.4171, 186.5199, 347.8235,-0.02789307, -0.08190918, 0.00201416,6.103516E-05, 0.0113678, -0.01882935
02:00:25.951 PM,116.8816, 137.9648, -297.1542,351.4333, 186.5143, 347.8351,0.01604462, 0.01364136, -0.005737305,0.0161438, -0.005584717, 0.01156616
02:00:25.964 PM,116.8928, 137.9929, -297.1563,351.4212, 186.5072, 347.8401,0.01113892, 0.02810669, -0.002044678,-0.01202393, -0.007171631, 0.005065918
02:00:25.990 PM,116.8883, 137.9883, -297.1418,351.4181, 186.5164, 347.8373,-0.004463196, -0.004547119, 0.01449585,-0.003112793, 0.009262085, -0.002838135
02:00:26.003 PM,116.8645, 137.9697, -297.1398,351.4216, 186.5226, 347.8323,-0.02376556, -0.01858521, 0.001922607,0.003448486, 0.006210327, -0.004974365
02:00:26.016 PM,116.87, 137.9778, -297.1399,351.4215, 186.5196, 347.8348,0.005447388, 0.008041382, -6.103516E-05,-3.051758E-05, -0.003051758, 0.002532959
02:00:26.023 PM,116.8727, 137.997, -297.1426,351.4175, 186.5168, 347.8374,0.002731323, 0.01922607, -0.002746582,-0.003997803, -0.002838135, 0.002593994
02:00:26.036 PM,116.9158, 137.9964, -297.1631,351.4149, 186.4928, 347.8356,0.04310608, -0.0006408691, -0.02050781,-0.002593994, -0.0239563, -0.001861572
02:00:26.098 PM,116.8662, 137.9826, -297.143,351.4119, 186.5185, 347.8289,-0.04961395, -0.01374817, 0.02011108,-0.003051758, 0.02571106, -0.00668335
02:00:26.105 PM,116.897, 137.9953, -297.1506,351.4155, 186.5036, 347.8381,0.03083801, 0.01268005, -0.007568359,0.003601074, -0.0149231, 0.009216309
02:00:26.115 PM,116.9069, 137.9911, -297.1666,351.4066, 186.4981, 347.8329,0.009880066, -0.004226685, -0.01602173,-0.008911133, -0.005493164, -0.005249023
02:00:26.123 PM,116.8616, 137.9835, -297.1456,351.4107, 186.5233, 347.8317,-0.04533386, -0.007583618, 0.02102661,0.004119873, 0.0252533, -0.001190186
02:00:26.135 PM,116.8745, 137.9928, -297.1488,351.4155, 186.5154, 347.8364,0.01293182, 0.009307861, -0.003204346,0.004821777, -0.00793457, 0.004699707
02:00:26.146 PM,116.8693, 137.9938, -297.1464,351.4031, 186.5156, 347.8324,-0.005195618, 0.0009613037, 0.002380371,-0.01239014, 0.0001525879, -0.003967285
02:00:26.169 PM,116.8717, 137.9722, -297.1486,351.4048, 186.514, 347.829,0.002334595, -0.02151489, -0.002197266,0.001678467, -0.001556396, -0.003417969
02:00:26.193 PM,116.877, 137.9687, -297.1473,351.4023, 186.5083, 347.827,0.005317688, -0.00352478, 0.001312256,-0.002532959, -0.005752563, -0.001983643
02:00:26.215 PM,116.8677, 137.9839, -297.1468,351.4066, 186.5187, 347.8255,-0.009246826, 0.01522827, 0.0005187988,0.004272461, 0.01046753, -0.001495361
02:00:26.237 PM,116.855, 137.992, -297.1334,351.4018, 186.5256, 347.8297,-0.01273346, 0.008056641, 0.01339722,-0.004730225, 0.006835938, 0.004211426
02:00:26.306 PM,116.8984, 137.9781, -297.1594,351.4174, 186.5074, 347.8341,0.04338837, -0.0138855, -0.02603149,0.01553345, -0.01817322, 0.004425049
02:00:26.317 PM,116.8896, 137.9565, -297.1677,351.4151, 186.5043, 347.8272,-0.008781433, -0.02166748, -0.008270264,-0.002258301, -0.003051758, -0.00692749
02:00:26.336 PM,116.8612, 137.983, -297.1605,351.4065, 186.5154, 347.83,-0.02845764, 0.02650452, 0.007202148,-0.008636475, 0.01106262, 0.002746582
02:00:26.358 PM,116.8784, 137.9902, -297.1577,351.4024, 186.5041, 347.8386,0.01728821, 0.007232666, 0.002838135,-0.00402832, -0.01126099, 0.008666992
02:00:26.380 PM,116.8624, 138.0306, -297.1292,351.3991, 186.5186, 347.8514,-0.01603699, 0.04040527, 0.02850342,-0.003326416, 0.01441956, 0.01278687
02:00:26.402 PM,116.8795, 138.0138, -297.1418,351.4062, 186.5131, 347.8423,0.01709747, -0.01678467, -0.01260376,0.007110596, -0.005447388, -0.009155273
02:00:26.414 PM,116.8848, 137.9899, -297.1495,351.3919, 186.5083, 347.8284,0.005348206, -0.0239563, -0.007751465,-0.01434326, -0.004821777, -0.01385498
02:00:26.440 PM,116.8717, 138.0244, -297.1353,351.4058, 186.5186, 347.8441,-0.01319122, 0.03459167, 0.01419067,0.0138855, 0.01026917, 0.01571655
02:00:26.451 PM,116.8986, 138.032, -297.1462,351.3943, 186.4992, 347.8439,0.02693939, 0.007537842, -0.01092529,-0.01150513, -0.01937866, -0.0002441406
02:00:26.460 PM,116.8865, 137.9832, -297.1423,351.4048, 186.5077, 347.8355,-0.012146, -0.04882813, 0.003936768,0.01055908, 0.008514404, -0.008331299
02:00:26.515 PM,116.8852, 138.009, -297.1291,351.3992, 186.5118, 347.8415,-0.001266479, 0.02586365, 0.01324463,-0.005645752, 0.004119873, 0.005981445
02:00:26.523 PM,116.861, 138.0267, -297.1104,351.4092, 186.5271, 347.8516,-0.02420044, 0.01763916, 0.01864624,0.01004028, 0.01531982, 0.0100708
02:00:26.531 PM,116.899, 138.0481, -297.1376,351.4031, 186.502, 347.8484,0.0379715, 0.02148438, -0.02722168,-0.006072998, -0.02508545, -0.003234863
02:00:26.539 PM,116.9213, 138.0397, -297.1563,351.4091, 186.4947, 347.8497,0.02230072, -0.008392334, -0.01870728,0.00592041, -0.007339478, 0.001312256
02:00:26.548 PM,116.9075, 138.0319, -297.1503,351.4124, 186.5034, 347.8479,-0.01371002, -0.007843018, 0.00604248,0.003356934, 0.008728027, -0.001739502
02:00:26.559 PM,116.9264, 138.0409, -297.1775,351.4061, 186.4883, 347.8401,0.01883698, 0.009033203, -0.02719116,-0.006317139, -0.0151062, -0.007781982
02:00:26.570 PM,116.8733, 138.0358, -297.1358,351.4097, 186.5184, 347.8408,-0.05312347, -0.005142212, 0.04165649,0.003601074, 0.03005981, 0.0006713867
02:00:26.582 PM,116.886, 138.0146, -297.1465,351.4115, 186.5121, 347.8338,0.01271057, -0.02119446, -0.01062012,0.001831055, -0.006271362, -0.007019043
02:00:26.592 PM,116.8987, 138.04, -297.162,351.4094, 186.5011, 347.8343,0.01275635, 0.02537537, -0.01556396,-0.002166748, -0.0110321, 0.0004577637
02:00:26.604 PM,116.8915, 138.0774, -297.1383,351.4107, 186.5056, 347.8503,-0.007270813, 0.03738403, 0.02371216,0.001342773, 0.004486084, 0.01608276
02:00:26.667 PM,116.8955, 138.0704, -297.1408,351.4067, 186.5024, 347.8463,0.004005432, -0.006988525, -0.002532959,-0.003967285, -0.003128052, -0.004089355
02:00:26.676 PM,116.8636, 138.0461, -297.141,351.4098, 186.5174, 347.8333,-0.03187561, -0.02430725, -0.0001831055,0.003082275, 0.0149231, -0.01300049
02:00:26.686 PM,116.8603, 138.0641, -297.118,351.4054, 186.5171, 347.849,-0.003326416, 0.01800537, 0.02304077,-0.004455566, -0.0002593994, 0.01574707
02:00:26.694 PM,116.8814, 138.0503, -297.1415,351.4109, 186.5099, 347.8396,0.0211792, -0.01373291, -0.02352905,0.005554199, -0.007156372, -0.009399414
02:00:26.704 PM,116.8895, 138.011, -297.1564,351.42, 186.5076, 347.8357,0.008026123, -0.03930664, -0.0149231,0.009124756, -0.002349854, -0.00390625
02:00:26.715 PM,116.8844, 138.0148, -297.1519,351.4137, 186.5092, 347.8354,-0.005088806, 0.003799438, 0.004577637,-0.006378174, 0.001617432, -0.0003356934
02:00:26.726 PM,116.8963, 138.0663, -297.1436,351.4134, 186.5041, 347.8533,0.01194, 0.0514679, 0.008270264,-0.0003051758, -0.005126953, 0.01797485
02:00:26.737 PM,116.8964, 138.0078, -297.1503,351.4183, 186.5055, 347.838,0.0001068115, -0.05848694, -0.006744385,0.00491333, 0.001373291, -0.01531982
02:00:26.749 PM,116.8932, 138.006, -297.1485,351.4175, 186.5072, 347.8373,-0.003227234, -0.001815796, 0.001831055,-0.0007324219, 0.001785278, -0.0007019043
02:00:26.760 PM,116.9244, 138.0619, -297.1592,351.3999, 186.487, 347.8468,0.03117371, 0.05587769, -0.01074219,-0.01763916, -0.02024841, 0.009490967
02:00:26.818 PM,116.8673, 137.9654, -297.1445,351.4089, 186.5195, 347.8206,-0.05704498, -0.09651184, 0.01473999,0.009002686, 0.0324707, -0.0262146
02:00:26.826 PM,116.914, 138.0548, -297.1462,351.4036, 186.494, 347.8503,0.04668427, 0.08946228, -0.001739502,-0.005310059, -0.0254364, 0.02975464
02:00:26.835 PM,116.8736, 137.9991, -297.1443,351.4078, 186.5171, 347.8348,-0.04043579, -0.05569458, 0.001953125,0.004241943, 0.02302551, -0.01553345
02:00:26.843 PM,116.8941, 137.9949, -297.1424,351.4133, 186.5079, 347.8413,0.0205307, -0.004226685, 0.00189209,0.005432129, -0.009185791, 0.006530762
02:00:26.850 PM,116.8837, 138.0089, -297.1322,351.4093, 186.5124, 347.8459,-0.01038361, 0.01399231, 0.01022339,-0.003997803, 0.004547119, 0.004516602
02:00:26.861 PM,116.8997, 138.0284, -297.1524,351.4098, 186.5046, 347.843,0.01594543, 0.01945496, -0.02026367,0.0004882813, -0.007827759, -0.002807617
02:00:26.872 PM,116.8759, 138.0155, -297.129,351.4027, 186.5177, 347.8392,-0.02376556, -0.01280212, 0.02346802,-0.007019043, 0.01313782, -0.003875732
02:00:26.883 PM,116.8937, 137.9821, -297.1501,351.4082, 186.5098, 347.8278,0.01779938, -0.03349304, -0.02111816,0.005432129, -0.007949829, -0.01135254
02:00:26.897 PM,116.905, 138.0588, -297.1425,351.4049, 186.5037, 347.8494,0.01127625, 0.07676697, 0.007537842,-0.003234863, -0.006088257, 0.02154541
02:00:26.905 PM,116.9123, 138.0085, -297.1531,351.4151, 186.5029, 347.8405,0.007339478, -0.05033875, -0.0105896,0.01019287, -0.0008087158, -0.00881958
02:00:26.964 PM,116.8773, 138.0016, -297.1356,351.4068, 186.5203, 347.8345,-0.03501129, -0.006835938, 0.01751709,-0.008361816, 0.01745605, -0.006072998
02:00:26.972 PM,116.8679, 138.0074, -297.1516,351.3962, 186.5156, 347.8237,-0.009384155, 0.005767822, -0.01593018,-0.01055908, -0.004776001, -0.01077271
02:00:26.984 PM,116.8569, 138.0036, -297.163,351.4113, 186.5225, 347.827,-0.01106262, -0.003799438, -0.01141357,0.0151062, 0.00692749, 0.003295898
02:00:26.996 PM,116.9153, 138.0214, -297.1866,351.4002, 186.4932, 347.8299,0.05839539, 0.01782227, -0.02365112,-0.0111084, -0.02928162, 0.002868652
02:00:27.006 PM,116.883, 138.0484, -297.149,351.4189, 186.5151, 347.8474,-0.03223419, 0.02694702, 0.03756714,0.01867676, 0.02192688, 0.01757813
02:00:27.017 PM,116.9087, 138.0156, -297.1729,351.4078, 186.4997, 347.8312,0.02567291, -0.0328064, -0.02386475,-0.01107788, -0.01547241, -0.01620483
02:00:27.028 PM,116.8962, 138.0418, -297.1656,351.4091, 186.5065, 347.8383,-0.0124588, 0.02619934, 0.007324219,0.001342773, 0.006820679, 0.007080078
02:00:27.040 PM,116.919, 138.0551, -297.1606,351.3994, 186.4928, 347.8403,0.02277374, 0.01333618, 0.004974365,-0.009765625, -0.01367188, 0.00201416
02:00:27.052 PM,116.8843, 138.0242, -297.1608,351.4107, 186.5124, 347.829,-0.03475189, -0.03088379, -0.0001525879,0.0112915, 0.01957703, -0.01135254
02:00:27.062 PM,116.9089, 138.0464, -297.1765,351.4051, 186.4976, 347.8303,0.0246048, 0.0221405, -0.01571655,-0.005584717, -0.01483154, 0.001281738
02:00:27.125 PM,116.8875, 138.0515, -297.1571,351.4081, 186.5101, 347.8354,-0.02131653, 0.005157471, 0.01937866,0.00302124, 0.01252747, 0.005187988
02:00:27.132 PM,116.8993, 138.0503, -297.1547,351.4098, 186.5043, 347.8407,0.01179504, -0.001251221, 0.002410889,0.001708984, -0.005752563, 0.005249023
02:00:27.141 PM,116.8715, 138.0253, -297.1638,351.4107, 186.5123, 347.8271,-0.02784729, -0.02494812, -0.009124756,0.0008544922, 0.007965088, -0.01364136
02:00:27.151 PM,116.8909, 138.0413, -297.1719,351.4005, 186.4997, 347.8279,0.01940155, 0.01600647, -0.008117676,-0.01013184, -0.01257324, 0.000793457
02:00:27.162 PM,116.8599, 138.073, -297.1387,351.3943, 186.517, 347.8399,-0.03095245, 0.03166199, 0.03323364,-0.006195068, 0.01731873, 0.01202393
02:00:27.173 PM,116.8647, 138.0066, -297.1547,351.4109, 186.5176, 347.8277,0.004753113, -0.06640625, -0.01596069,0.01660156, 0.0005493164, -0.01217651
02:00:27.185 PM,116.8642, 138.036, -297.1483,351.4156, 186.5191, 347.8396,-0.0004501343, 0.02940369, 0.006378174,0.004638672, 0.001495361, 0.01193237
02:00:27.195 PM,116.8902, 138.0378, -297.1685,351.4043, 186.5041, 347.832,0.02591705, 0.001785278, -0.02017212,-0.01126099, -0.01496887, -0.007629395
02:00:27.207 PM,116.8904, 138.0209, -297.1779,351.4132, 186.506, 347.8372,0.0001907349, -0.01686096, -0.009490967,0.008880615, 0.001922607, 0.005249023
02:00:27.218 PM,116.8592, 138.0026, -297.1686,351.4107, 186.5223, 347.8296,-0.03114319, -0.01831055, 0.009368896,-0.002502441, 0.01623535, -0.007629395
02:00:27.273 PM,116.8993, 137.9875, -297.2073,351.4112, 186.5, 347.8188,0.04006958, -0.01512146, -0.03872681,0.0004577637, -0.02227783, -0.01080322
02:00:27.281 PM,116.8842, 138.0237, -297.1707,351.4183, 186.5103, 347.8336,-0.01504517, 0.03622437, 0.03665161,0.007171631, 0.01026917, 0.01473999
02:00:27.288 PM,116.8741, 138.0184, -297.1422,351.4097, 186.5146, 347.8364,-0.01014709, -0.005279541, 0.0284729,-0.008605957, 0.00428772, 0.002807617
02:00:27.296 PM,116.8871, 138.0201, -297.1554,351.4134, 186.507, 347.8348,0.01300812, 0.00163269, -0.01324463,0.003662109, -0.007553101, -0.001586914
02:00:27.307 PM,116.8521, 138.0226, -297.1253,351.4128, 186.5252, 347.8396,-0.03495026, 0.0025177, 0.03015137,-0.000579834, 0.01821899, 0.00479126
02:00:27.318 PM,116.8691, 138.0379, -297.1351,351.4036, 186.5142, 347.8385,0.01700592, 0.01533508, -0.00982666,-0.009246826, -0.01104736, -0.001068115
02:00:27.329 PM,116.8469, 138.0097, -297.1374,351.4069, 186.5247, 347.8265,-0.02226257, -0.02824402, -0.002319336,0.003295898, 0.01049805, -0.01202393
02:00:27.340 PM,116.8656, 138.0187, -297.1408,351.4161, 186.5168, 347.8385,0.01874542, 0.009033203, -0.003356934,0.009246826, -0.007843018, 0.01205444
02:00:27.354 PM,116.8807, 138.0011, -297.1524,351.4163, 186.5077, 347.8324,0.01509857, -0.01756287, -0.01159668,0.0001831055, -0.009109497, -0.006164551
02:00:27.365 PM,116.8966, 138.0574, -297.1499,351.4094, 186.5027, 347.845,0.0158844, 0.05628967, 0.002502441,-0.006866455, -0.004974365, 0.01263428
02:00:27.422 PM,116.8808, 138.0056, -297.1458,351.4124, 186.512, 347.8326,-0.01581573, -0.05184937, 0.00402832,0.00302124, 0.009216309, -0.01245117
02:00:27.432 PM,116.8823, 138.0686, -297.1463,351.4182, 186.5123, 347.8489,0.001525879, 0.06304932, -0.0004882813,0.005767822, 0.0003356934, 0.01638794
02:00:27.441 PM,116.8896, 138.0393, -297.1632,351.4238, 186.5104, 347.842,0.007232666, -0.02935791, -0.01690674,0.005584717, -0.00189209, -0.00692749
02:00:27.452 PM,116.8762, 138.0601, -297.1631,351.4221, 186.5167, 347.8409,-0.01335907, 0.02081299, 9.155273E-05,-0.001739502, 0.006256104, -0.00112915
02:00:27.463 PM,116.8691, 138.0502, -297.1708,351.4086, 186.5159, 347.8282,-0.007133484, -0.009887695, -0.00769043,-0.01345825, -0.0007171631, -0.01269531
02:00:27.474 PM,116.8524, 138.0348, -297.1592,351.4232, 186.5269, 347.8309,-0.01663971, -0.01541138, 0.01159668,0.01461792, 0.01095581, 0.002746582
02:00:27.485 PM,116.8626, 138.0268, -297.1581,351.4207, 186.5214, 347.8314,0.01014709, -0.008010864, 0.001190186,-0.002563477, -0.005493164, 0.0004272461
02:00:27.496 PM,116.8549, 138.0491, -297.1558,351.4069, 186.5208, 347.8295,-0.007667542, 0.02229309, 0.002288818,-0.01379395, -0.0006408691, -0.00189209
02:00:27.508 PM,116.9022, 138.0136, -297.1858,351.4214, 186.4976, 347.8277,0.0473175, -0.03544617, -0.02999878,0.01449585, -0.02320862, -0.00177002
02:00:27.519 PM,116.8796, 138.0078, -297.1614,351.4219, 186.5104, 347.8334,-0.02262878, -0.005844116, 0.02435303,0.0005187988, 0.01283264, 0.005706787
02:00:27.577 PM,116.8782, 138.0035, -297.1658,351.4095, 186.5096, 347.8241,-0.001419067, -0.00428772, -0.004425049,-0.01239014, -0.0008087158, -0.009338379
02:00:27.585 PM,116.8561, 138.011, -297.151,351.4172, 186.5235, 347.8348,-0.02204895, 0.007522583, 0.01483154,0.00769043, 0.01390076, 0.01077271
02:00:27.594 PM,116.8607, 137.9929, -297.164,351.4315, 186.5189, 347.8333,0.004600525, -0.01808167, -0.01296997,0.01437378, -0.004562378, -0.001525879
02:00:27.603 PM,116.8936, 138.0704, -297.1619,351.4177, 186.5066, 347.8507,0.03291321, 0.07751465, 0.002044678,-0.01382446, -0.01235962, 0.0173645
02:00:27.618 PM,116.8926, 138.0341, -297.1747,351.4161, 186.507, 347.8441,-0.001037598, -0.03630066, -0.01272583,-0.001617432, 0.0004882813, -0.006591797
02:00:27.625 PM,116.8745, 138.0007, -297.1698,351.4132, 186.5169, 347.8344,-0.01807404, -0.03349304, 0.004882813,-0.002868652, 0.009872437, -0.009643555
02:00:27.634 PM,116.8748, 137.9955, -297.1809,351.419, 186.5144, 347.8329,0.0002365112, -0.005187988, -0.0111084,0.00579834, -0.002563477, -0.001525879
02:00:27.642 PM,116.8842, 137.9811, -297.1713,351.4136, 186.5099, 347.828,0.009483337, -0.01434326, 0.00958252,-0.005432129, -0.00440979, -0.00491333
02:00:27.653 PM,116.847, 137.9702, -297.1642,351.4218, 186.5312, 347.823,-0.03723145, -0.01091003, 0.007080078,0.008148193, 0.02120972, -0.005004883
02:00:27.664 PM,116.862, 137.969, -297.18,351.4209, 186.5209, 347.8204,0.01499939, -0.001251221, -0.01574707,-0.0008544922, -0.01023865, -0.002624512
02:00:27.724 PM,116.9118, 138.0051, -297.1822,351.4258, 186.4956, 347.8385,0.04977417, 0.03617859, -0.002227783,0.004882813, -0.02531433, 0.01809692
02:00:27.732 PM,116.8691, 137.9506, -297.1609,351.4286, 186.5192, 347.8274,-0.04272461, -0.05455017, 0.02130127,0.0027771, 0.02360535, -0.01107788
02:00:27.743 PM,116.9012, 137.9725, -297.1523,351.4141, 186.504, 347.8356,0.03214264, 0.0218811, 0.008605957,-0.01446533, -0.01522827, 0.008209229
02:00:27.754 PM,116.8889, 138.025, -297.1425,351.4288, 186.5127, 347.8537,-0.0122757, 0.05252075, 0.00982666,0.01470947, 0.008758545, 0.01809692
02:00:27.765 PM,116.8959, 137.9918, -297.1611,351.4084, 186.5039, 347.8308,0.00693512, -0.03318787, -0.01864624,-0.02044678, -0.008880615, -0.0229187
02:00:27.776 PM,116.8741, 137.998, -297.1331,351.4132, 186.5173, 347.8377,-0.02176666, 0.006149292, 0.0279541,0.004882813, 0.01342773, 0.006896973
02:00:27.787 PM,116.8929, 138.0038, -297.1409,351.408, 186.5065, 347.8383,0.01881409, 0.005813599, -0.007720947,-0.005218506, -0.01083374, 0.000579834
02:00:27.800 PM,116.8631, 138.0303, -297.1234,351.4095, 186.5234, 347.8445,-0.02980804, 0.02653503, 0.01748657,0.001434326, 0.016922, 0.006286621
02:00:27.809 PM,116.8847, 137.9833, -297.1536,351.4268, 186.5143, 347.844,0.02159119, -0.04701233, -0.0302124,0.01733398, -0.009094238, -0.000579834
02:00:27.821 PM,116.8921, 137.9907, -297.1656,351.4274, 186.5099, 347.8414,0.007354736, 0.007385254, -0.01202393,0.000579834, -0.004333496, -0.002563477
02:00:27.884 PM,116.8941, 137.9463, -297.1863,351.4247, 186.5044, 347.8236,0.002098083, -0.04438782, -0.02072144,-0.002655029, -0.005584717, -0.01779175
02:00:27.892 PM,116.8878, 137.9411, -297.1649,351.4251, 186.5076, 347.8236,-0.006317139, -0.005218506, 0.02148438,0.0003967285, 0.003219604, -3.051758E-05
02:00:27.902 PM,116.8799, 138.019, -297.1457,351.4043, 186.5118, 347.8352,-0.007965088, 0.07791138, 0.01916504,-0.02081299, 0.004257202, 0.0116272
02:00:27.910 PM,116.8885, 137.99, -297.1485,351.4154, 186.5092, 347.8326,0.008651733, -0.02896118, -0.0027771,0.01113892, -0.002670288, -0.002624512
02:00:27.921 PM,116.8978, 137.9932, -297.1588,351.4112, 186.5025, 347.8288,0.009231567, 0.003189087, -0.01034546,-0.004272461, -0.00668335, -0.003753662
02:00:27.932 PM,116.8995, 137.9967, -297.1657,351.4098, 186.5021, 347.826,0.001739502, 0.003463745, -0.006896973,-0.001403809, -0.0003814697, -0.002838135
02:00:27.944 PM,116.9054, 137.9915, -297.1655,351.4171, 186.5006, 347.8321,0.005950928, -0.005126953, 0.0001831055,0.007293701, -0.001541138, 0.006072998
02:00:27.955 PM,116.8906, 137.9921, -297.148,351.4143, 186.5085, 347.8365,-0.01480865, 0.000579834, 0.01754761,-0.0027771, 0.007965088, 0.004425049
02:00:27.966 PM,116.8919, 138.014, -297.1489,351.4008, 186.5084, 347.8351,0.001289368, 0.02183533, -0.0009155273,-0.01348877, -9.155273E-05, -0.001373291
02:00:27.977 PM,116.9063, 137.9918, -297.1566,351.4158, 186.504, 347.8374,0.01436615, -0.02212524, -0.00769043,0.01498413, -0.004470825, 0.002288818
02:00:28.036 PM,116.8958, 137.9939, -297.1595,351.4116, 186.509, 347.8317,-0.01044464, 0.002090454, -0.002929688,-0.004150391, 0.005065918, -0.005706787
02:00:28.046 PM,116.9247, 138.0313, -297.1731,351.4132, 186.4927, 347.8428,0.02888489, 0.03738403, -0.0135498,0.001586914, -0.01629639, 0.01107788
02:00:28.055 PM,116.9274, 138.0179, -297.1667,351.4069, 186.492, 347.8417,0.002632141, -0.01345825, 0.006347656,-0.006286621, -0.0007324219, -0.001037598
02:00:28.066 PM,116.9063, 137.9865, -297.1777,351.4055, 186.4954, 347.8272,-0.02109528, -0.03137207, -0.01098633,-0.001403809, 0.003387451, -0.01452637
02:00:28.077 PM,116.8908, 137.9668, -297.1631,351.4189, 186.5059, 347.8278,-0.01548767, -0.01968384, 0.01455688,0.01342773, 0.01048279, 0.0006103516
02:00:28.089 PM,116.8845, 137.9834, -297.1632,351.4146, 186.5075, 347.8279,-0.006233215, 0.01661682, -6.103516E-05,-0.004302979, 0.001663208, 0.0001220703
02:00:28.100 PM,116.8968, 138.0131, -297.1719,351.4018, 186.4963, 347.8294,0.01229858, 0.02970886, -0.008728027,-0.01287842, -0.01121521, 0.001495361
02:00:28.111 PM,116.8762, 137.9907, -297.1624,351.4113, 186.5097, 347.8303,-0.02062225, -0.02238464, 0.009521484,0.009490967, 0.01333618, 0.0008239746
02:00:28.122 PM,116.8714, 138.0013, -297.1546,351.409, 186.5125, 347.8344,-0.004837036, 0.0105896, 0.007781982,-0.002258301, 0.002792358, 0.004119873
02:00:28.134 PM,116.9027, 138.0152, -297.1749,351.3956, 186.4934, 347.8306,0.03132629, 0.01387024, -0.02026367,-0.01342773, -0.01901245, -0.003814697
02:00:28.208 PM,116.8972, 137.9859, -297.1767,351.4174, 186.4998, 347.8323,-0.005485535, -0.02932739, -0.001800537,0.02185059, 0.006393433, 0.001708984
02:00:28.216 PM,116.8702, 138.0031, -297.1587,351.4058, 186.5118, 347.8339,-0.02701569, 0.01727295, 0.01803589,-0.0116272, 0.01194763, 0.001617432
02:00:28.225 PM,116.8998, 138.0262, -297.1694,351.4056, 186.4966, 347.8329,0.02961731, 0.02308655, -0.01071167,-0.0001525879, -0.0151825, -0.00100708
02:00:28.234 PM,116.9021, 138.0438, -297.169,351.4084, 186.4985, 347.8397,0.002311707, 0.01753235, 0.0003662109,0.002746582, 0.001922607, 0.006774902
02:00:28.245 PM,116.8892, 138.0203, -297.1685,351.4175, 186.5065, 347.8344,-0.01290894, -0.02348328, 0.0004577637,0.009094238, 0.007965088, -0.005310059
02:00:28.256 PM,116.9227, 138.0722, -297.1783,351.4029, 186.4854, 347.8445,0.03343964, 0.05192566, -0.009735107,-0.01461792, -0.02105713, 0.01010132
02:00:28.267 PM,116.8904, 138.0706, -297.1726,351.4074, 186.5009, 347.841,-0.03226471, -0.001556396, 0.00567627,0.004516602, 0.01547241, -0.003479004
02:00:28.279 PM,116.8887, 138.017, -297.1935,351.4268, 186.5051, 347.8385,-0.001724243, -0.05361938, -0.02093506,0.01947021, 0.004226685, -0.002502441
02:00:28.290 PM,116.868, 137.9736, -297.1839,351.4216, 186.5162, 347.828,-0.02064514, -0.04342651, 0.009643555,-0.005218506, 0.01106262, -0.01049805
02:00:28.301 PM,116.8821, 138.0303, -297.1656,351.4014, 186.5055, 347.8357,0.01405334, 0.05665588, 0.01834106,-0.02020264, -0.01068115, 0.007720947
02:00:28.360 PM,116.9151, 138.0063, -297.1891,351.4142, 186.4902, 347.8322,0.03305817, -0.02397156, -0.02359009,0.01278687, -0.01531982, -0.003479004
02:00:28.369 PM,116.8736, 138.0375, -297.1687,351.398, 186.5093, 347.83,-0.04155731, 0.03118896, 0.02041626,-0.01617432, 0.01907349, -0.002258301
02:00:28.379 PM,116.89, 138.0767, -297.1608,351.4156, 186.5074, 347.8421,0.0164566, 0.03926086, 0.007904053,0.01751709, -0.001846313, 0.01217651
02:00:28.390 PM,116.8992, 138.0703, -297.1571,351.4042, 186.5005, 347.839,0.009132385, -0.006484985, 0.003723145,-0.01138306, -0.006958008, -0.003143311
02:00:28.401 PM,116.8835, 138.0805, -297.1467,351.403, 186.5089, 347.8428,-0.01564789, 0.01025391, 0.01043701,-0.001159668, 0.008407593, 0.003814697
02:00:28.413 PM,116.8826, 138.0343, -297.1581,351.4038, 186.5089, 347.8263,-0.0009460449, -0.0461731, -0.01138306,0.0008239746, 7.629395E-05, -0.01654053
02:00:28.424 PM,116.9241, 138.0486, -297.1636,351.4055, 186.4872, 347.8373,0.04151154, 0.01428223, -0.005584717,0.001678467, -0.02175903, 0.01101685
02:00:28.437 PM,116.8561, 138.0436, -297.1352,351.4072, 186.5235, 347.8374,-0.06794739, -0.004989624, 0.02841187,0.001678467, 0.03627014, 0.0001525879
02:00:28.446 PM,116.9123, 138.0618, -297.1584,351.3968, 186.4916, 347.8406,0.05614471, 0.01818848, -0.02316284,-0.01040649, -0.03189087, 0.003204346
02:00:28.458 PM,116.868, 138.033, -297.1422,351.4198, 186.5196, 347.8385,-0.04431152, -0.02882385, 0.01620483,0.02304077, 0.0280304, -0.00213623
