C:\Users\eric\Documents\ML - ver2\data_2017-05-22-14-45-25.csv,linear scale factor,100
time,posX,posY,posZ,angAlpha,angBeta,angGamma,velX,velY,velZ,aVelAlpha,aVelBeta,aVelGamma
02:45:25.383 PM,136.7751, 141.7147, -294.0485,350.5596, 181.5065, 348.7214,136.7751, 141.7147, -294.0485,350.5596, 181.5065, 348.7214
02:45:25.386 PM,136.7751, 141.7147, -294.0485,350.5596, 181.5065, 348.7214,0, 0, 0,0, 0, 0
02:45:25.565 PM,136.778, 141.7156, -294.0501,350.56, 181.5046, 348.7218,0.002990723, 0.0009002686, -0.001617432,0.0003662109, -0.001861572, 0.0004577637
02:45:25.580 PM,136.9208, 141.9035, -294.1495,350.5731, 181.4343, 348.7451,0.142746, 0.1878815, -0.09936523,0.01309204, -0.07029724, 0.02325439
02:45:25.586 PM,136.9321, 141.8895, -294.1611,350.5697, 181.4273, 348.7373,0.01130676, -0.01393127, -0.01156616,-0.003356934, -0.007064819, -0.007751465
02:45:25.596 PM,136.9279, 141.8837, -294.1688,350.5721, 181.426, 348.7335,-0.004226685, -0.005828857, -0.007751465,0.002349854, -0.001281738, -0.003814697
02:45:25.614 PM,136.9102, 141.877, -294.1639,350.5788, 181.4374, 348.7367,-0.0177002, -0.006729126, 0.00491333,0.006713867, 0.01139832, 0.003204346
02:45:25.625 PM,136.9172, 141.923, -294.1628,350.5705, 181.4338, 348.7458,0.006988525, 0.04600525, 0.001098633,-0.008270264, -0.003585815, 0.009063721
02:45:25.637 PM,136.9143, 141.9161, -294.1623,350.5782, 181.4374, 348.7499,-0.002853394, -0.006851196, 0.0004882813,0.007659912, 0.003616333, 0.004150391
02:45:25.652 PM,136.9303, 141.9075, -294.176,350.5751, 181.4291, 348.7449,0.01600647, -0.008682251, -0.01370239,-0.003082275, -0.008346558, -0.0050354
02:45:25.659 PM,136.9047, 141.9025, -294.1729,350.5793, 181.4386, 348.7436,-0.02558899, -0.00491333, 0.003082275,0.004211426, 0.009521484, -0.001312256
02:45:25.670 PM,136.8992, 141.8591, -294.1758,350.5722, 181.4402, 348.7274,-0.005508423, -0.043396, -0.002838135,-0.007080078, 0.00163269, -0.01620483
02:45:25.681 PM,136.9241, 141.8829, -294.1831,350.5846, 181.4292, 348.7409,0.02485657, 0.02375793, -0.007324219,0.01235962, -0.01104736, 0.01348877
02:45:25.694 PM,136.9203, 141.8815, -294.1885,350.5656, 181.4257, 348.7309,-0.003753662, -0.001434326, -0.005371094,-0.01901245, -0.003494263, -0.00994873
02:45:25.703 PM,136.9109, 141.8965, -294.174,350.5646, 181.4317, 348.7387,-0.009399414, 0.01499939, 0.01446533,-0.0009460449, 0.005981445, 0.007751465
02:45:25.715 PM,136.9233, 141.9017, -294.1817,350.5826, 181.4286, 348.7471,0.01237488, 0.005187988, -0.007720947,0.01791382, -0.003036499, 0.008453369
02:45:25.726 PM,136.9368, 141.8656, -294.2016,350.5818, 181.4164, 348.7331,0.01351929, -0.03604126, -0.01986694,-0.0007019043, -0.01222229, -0.01400757
02:45:25.737 PM,136.8799, 141.8828, -294.1564,350.5686, 181.4436, 348.7359,-0.0569458, 0.01713562, 0.04522705,-0.01327515, 0.02722168, 0.002746582
02:45:25.748 PM,136.9422, 141.9201, -294.1767,350.572, 181.4111, 348.7502,0.06236267, 0.03730774, -0.02029419,0.003448486, -0.03251648, 0.01437378
02:45:25.760 PM,136.9078, 141.9214, -294.168,350.5712, 181.4338, 348.7441,-0.03440857, 0.00138855, 0.008636475,-0.000793457, 0.02270508, -0.006134033
02:45:25.771 PM,136.9159, 141.9294, -294.1541,350.5587, 181.4283, 348.7441,0.008071899, 0.00793457, 0.01394653,-0.01254272, -0.00553894, 0
02:45:25.783 PM,136.9031, 141.9142, -294.1547,350.5696, 181.4372, 348.7413,-0.01277161, -0.01515198, -0.0006408691,0.01095581, 0.00894165, -0.002838135
02:45:25.793 PM,136.9259, 141.9585, -294.1587,350.5581, 181.4276, 348.7468,0.0227356, 0.04421997, -0.003936768,-0.01153564, -0.009597778, 0.005523682
02:45:25.804 PM,136.9199, 141.9266, -294.1649,350.5684, 181.4337, 348.7423,-0.005981445, -0.03184509, -0.006286621,0.01031494, 0.00604248, -0.004486084
02:45:25.815 PM,136.9665, 141.9404, -294.1828,350.5703, 181.4101, 348.7473,0.04666138, 0.01377869, -0.01782227,0.001831055, -0.02359009, 0.0050354
02:45:25.826 PM,136.8964, 141.9249, -294.1651,350.5571, 181.4374, 348.7332,-0.07015991, -0.01551819, 0.0177002,-0.01315308, 0.02731323, -0.01416016
02:45:25.838 PM,136.9512, 141.9397, -294.1706,350.5737, 181.4135, 348.7488,0.05485535, 0.01486206, -0.005554199,0.01663208, -0.02388, 0.01565552
02:45:25.848 PM,136.9019, 141.9496, -294.1483,350.5655, 181.4383, 348.747,-0.04933167, 0.009918213, 0.02230835,-0.008270264, 0.02481079, -0.001800537
02:45:25.860 PM,136.9317, 141.9645, -294.1629,350.5585, 181.4215, 348.7462,0.02983093, 0.0148468, -0.0145874,-0.00692749, -0.01678467, -0.0008544922
02:45:25.872 PM,136.931, 141.9312, -294.1591,350.5621, 181.4237, 348.7411,-0.0007171631, -0.03329468, 0.003753662,0.003570557, 0.002166748, -0.005065918
02:45:25.882 PM,136.9041, 141.931, -294.1492,350.5646, 181.4395, 348.7399,-0.02687073, -0.0001983643, 0.009979248,0.002532959, 0.01577759, -0.001190186
02:45:25.896 PM,136.945, 141.9334, -294.1714,350.572, 181.4144, 348.7428,0.04084778, 0.002441406, -0.02224731,0.007354736, -0.02502441, 0.00289917
02:45:25.904 PM,136.8993, 141.8979, -294.1586,350.5663, 181.4373, 348.7322,-0.04568481, -0.0355072, 0.0128479,-0.005706787, 0.02290344, -0.01062012
02:45:25.916 PM,136.9257, 141.9296, -294.1625,350.5616, 181.4226, 348.7408,0.02636719, 0.03164673, -0.003936768,-0.004730225, -0.01470947, 0.008605957
02:45:25.927 PM,136.8909, 141.9144, -294.1575,350.5778, 181.4423, 348.7397,-0.03475952, -0.01515198, 0.004974365,0.01623535, 0.0196228, -0.001159668
02:45:25.938 PM,136.9107, 141.9134, -294.1679,350.5757, 181.4324, 348.7459,0.01979065, -0.00100708, -0.01040649,-0.002044678, -0.009857178, 0.006256104
02:45:26.042 PM,136.9052, 141.8937, -294.1741,350.5688, 181.433, 348.7345,-0.005508423, -0.01968384, -0.006164551,-0.006958008, 0.0006103516, -0.01141357
02:45:26.052 PM,136.9511, 141.9214, -294.168,350.567, 181.4151, 348.7482,0.04589844, 0.02767944, 0.006072998,-0.001831055, -0.01795959, 0.01370239
02:45:26.061 PM,136.9355, 141.9272, -294.1624,350.5623, 181.4178, 348.7481,-0.015625, 0.005737305, 0.00567627,-0.004608154, 0.002761841, -9.155273E-05
02:45:26.073 PM,136.9579, 141.8684, -294.1914,350.5681, 181.4076, 348.7367,0.02246094, -0.05874634, -0.02905273,0.005767822, -0.01022339, -0.01138306
02:45:26.083 PM,136.9353, 141.888, -294.1772,350.5676, 181.4185, 348.7432,-0.02264404, 0.01956177, 0.01416016,-0.0005493164, 0.01086426, 0.006500244
02:45:26.094 PM,136.9429, 141.9213, -294.177,350.5706, 181.4184, 348.7512,0.007598877, 0.03334045, 0.0002746582,0.00302124, -1.525879E-05, 0.007995605
02:45:26.106 PM,136.9444, 141.8884, -294.1657,350.5628, 181.4165, 348.7365,0.00151062, -0.03291321, 0.01123047,-0.0078125, -0.00189209, -0.01473999
02:45:26.117 PM,136.9526, 141.9328, -294.1557,350.563, 181.4127, 348.7524,0.00819397, 0.0443573, 0.01000977,0.0001831055, -0.003890991, 0.01593018
02:45:26.128 PM,136.9303, 141.9535, -294.1479,350.5515, 181.4217, 348.7506,-0.02232361, 0.02076721, 0.007843018,-0.01150513, 0.009048462, -0.00177002
02:45:26.139 PM,136.9453, 141.8916, -294.1673,350.5682, 181.4181, 348.7431,0.01498413, -0.06190491, -0.01937866,0.01675415, -0.003631592, -0.007568359
02:45:26.150 PM,136.9255, 141.8968, -294.1577,350.5704, 181.4291, 348.7451,-0.01979065, 0.005157471, 0.009613037,0.002227783, 0.01106262, 0.002044678
02:45:26.161 PM,136.958, 141.9159, -294.1753,350.5675, 181.4091, 348.7482,0.03251648, 0.01911926, -0.01766968,-0.002960205, -0.02005005, 0.003051758
02:45:26.172 PM,136.934, 141.8928, -294.1535,350.5632, 181.4221, 348.7404,-0.02398682, -0.02307129, 0.02182007,-0.004302979, 0.01303101, -0.007751465
02:45:26.185 PM,136.9674, 141.8827, -294.171,350.5838, 181.4092, 348.7453,0.03343201, -0.01011658, -0.01751709,0.02062988, -0.01292419, 0.004882813
02:45:26.195 PM,136.9219, 141.9248, -294.1473,350.5727, 181.4271, 348.7533,-0.04556274, 0.042099, 0.02371216,-0.01107788, 0.0178833, 0.007965088
02:45:26.206 PM,136.9176, 141.8451, -294.1523,350.5654, 181.4293, 348.7265,-0.004257202, -0.07974243, -0.005004883,-0.007324219, 0.002212524, -0.02676392
02:45:26.217 PM,136.9131, 141.9108, -294.1321,350.5576, 181.4304, 348.7478,-0.004516602, 0.06570435, 0.02023315,-0.007751465, 0.001083374, 0.02127075
02:45:26.229 PM,136.9106, 141.8731, -294.1461,350.5602, 181.43, 348.7334,-0.002502441, -0.03767395, -0.0140686,0.002532959, -0.0003814697, -0.01434326
02:45:26.240 PM,136.9175, 141.8585, -294.1453,350.5645, 181.4279, 348.7344,0.006942749, -0.0145874, 0.0008544922,0.004333496, -0.00213623, 0.00100708
02:45:26.251 PM,136.9237, 141.8836, -294.1402,350.5562, 181.4233, 348.7403,0.006164551, 0.02505493, 0.005065918,-0.008270264, -0.004562378, 0.005859375
02:45:26.263 PM,136.9061, 141.8953, -294.1367,350.5551, 181.4335, 348.7398,-0.01759338, 0.01170349, 0.003540039,-0.00112915, 0.01022339, -0.0005187988
02:45:26.273 PM,136.9424, 141.8771, -294.1495,350.5681, 181.418, 348.7467,0.03631592, -0.01820374, -0.01278687,0.01303101, -0.01556396, 0.00692749
02:45:26.284 PM,136.9129, 141.8838, -294.1354,350.5571, 181.4317, 348.7443,-0.02946472, 0.006744385, 0.01403809,-0.01104736, 0.01379395, -0.002380371
02:45:26.297 PM,136.9221, 141.8537, -294.1552,350.5594, 181.4234, 348.7323,0.009124756, -0.03012085, -0.01977539,0.002319336, -0.008377075, -0.01199341
02:45:26.306 PM,136.927, 141.8488, -294.1494,350.5645, 181.4224, 348.7384,0.004882813, -0.004837036, 0.005828857,0.005065918, -0.0009460449, 0.00604248
02:45:26.318 PM,136.9118, 141.8186, -294.1512,350.5648, 181.4305, 348.727,-0.01513672, -0.03019714, -0.001831055,0.0003662109, 0.008117676, -0.01135254
02:45:26.329 PM,136.9254, 141.8427, -294.1563,350.5686, 181.4228, 348.7348,0.0135498, 0.02401733, -0.005096436,0.003753662, -0.007751465, 0.007751465
02:45:26.340 PM,136.912, 141.8427, -294.1362,350.569, 181.4309, 348.7384,-0.01341248, 4.577637E-05, 0.02008057,0.0004272461, 0.008071899, 0.003601074
02:45:26.351 PM,136.908, 141.832, -294.1375,350.5613, 181.4312, 348.7312,-0.003997803, -0.01068115, -0.001281738,-0.007720947, 0.0003814697, -0.007141113
02:45:26.362 PM,136.9197, 141.8884, -294.1326,350.5657, 181.4256, 348.75,0.01174927, 0.05632019, 0.00491333,0.004425049, -0.005691528, 0.01873779
02:45:26.374 PM,136.909, 141.8595, -294.1238,350.5575, 181.4303, 348.7405,-0.01071167, -0.02886963, 0.00881958,-0.008270264, 0.004730225, -0.009490967
02:45:26.385 PM,136.908, 141.8869, -294.1152,350.5626, 181.4312, 348.7529,-0.001022339, 0.02746582, 0.008605957,0.005096436, 0.0009155273, 0.01245117
02:45:26.396 PM,136.9636, 141.9012, -294.1427,350.5715, 181.4048, 348.7587,0.05566406, 0.01420593, -0.02755737,0.00894165, -0.02644348, 0.005767822
02:45:26.408 PM,136.9264, 141.884, -294.1281,350.5577, 181.4204, 348.7532,-0.03723145, -0.01715088, 0.0145874,-0.01376343, 0.01560974, -0.005462646
02:45:26.419 PM,136.9184, 141.8704, -294.1289,350.5667, 181.4251, 348.752,-0.008010864, -0.0136261, -0.000793457,0.009002686, 0.004699707, -0.001251221
02:45:26.430 PM,136.9285, 141.868, -294.1392,350.5613, 181.419, 348.7459,0.01008606, -0.002410889, -0.01022339,-0.005462646, -0.006057739, -0.00604248
02:45:26.441 PM,136.9131, 141.8474, -294.134,350.564, 181.4277, 348.7434,-0.01542664, -0.02061462, 0.005157471,0.002685547, 0.008666992, -0.002563477
02:45:26.452 PM,136.8969, 141.8281, -294.1327,350.5678, 181.4365, 348.7379,-0.01620483, -0.01927185, 0.001281738,0.003845215, 0.008804321, -0.005462646
02:45:26.465 PM,136.9217, 141.861, -294.1423,350.5797, 181.4288, 348.7497,0.02481079, 0.03292847, -0.00958252,0.01184082, -0.007629395, 0.0118103
02:45:26.474 PM,136.9258, 141.8577, -294.1408,350.5728, 181.4262, 348.7497,0.004104614, -0.003341675, 0.001525879,-0.006835938, -0.002655029, -6.103516E-05
02:45:26.485 PM,136.9229, 141.8437, -294.1431,350.5607, 181.4251, 348.7404,-0.002914429, -0.01396179, -0.002288818,-0.01211548, -0.001113892, -0.009216309
02:45:26.497 PM,136.9203, 141.8927, -294.1375,350.5637, 181.4291, 348.7548,-0.002548218, 0.04901123, 0.005554199,0.002990723, 0.003982544, 0.01434326
02:45:26.508 PM,136.9467, 141.8424, -294.1537,350.5767, 181.4196, 348.7481,0.02638245, -0.05030823, -0.01617432,0.01300049, -0.009506226, -0.006713867
02:45:26.520 PM,136.9288, 141.8534, -294.1413,350.5784, 181.43, 348.7532,-0.01789856, 0.01095581, 0.01239014,0.001708984, 0.01046753, 0.005126953
02:45:26.530 PM,136.924, 141.8601, -294.1254,350.5723, 181.4317, 348.7504,-0.004776001, 0.006729126, 0.01593018,-0.006134033, 0.001663208, -0.002838135
02:45:26.541 PM,136.9573, 141.8848, -294.1323,350.5752, 181.4161, 348.7614,0.03329468, 0.02468872, -0.006896973,0.002960205, -0.015625, 0.01107788
02:45:26.552 PM,136.9374, 141.8824, -294.1212,350.5589, 181.4237, 348.7552,-0.01994324, -0.002410889, 0.0111084,-0.01635742, 0.007629395, -0.006256104
02:45:26.564 PM,136.9585, 141.8488, -294.1457,350.5644, 181.409, 348.7432,0.02111816, -0.03358459, -0.02450562,0.005554199, -0.01464844, -0.01199341
02:45:26.575 PM,136.9373, 141.8455, -294.1232,350.5642, 181.421, 348.744,-0.02114868, -0.003265381, 0.02243042,-0.0001831055, 0.01196289, 0.0008239746
02:45:26.586 PM,136.9291, 141.8484, -294.1156,350.5643, 181.4268, 348.7455,-0.00819397, 0.002929688, 0.007629395,6.103516E-05, 0.005813599, 0.001464844
02:45:26.597 PM,136.9124, 141.8223, -294.1141,350.5602, 181.436, 348.7356,-0.01678467, -0.02619934, 0.001525879,-0.004150391, 0.009216309, -0.009887695
02:45:26.609 PM,136.9514, 141.8781, -294.1138,350.5497, 181.4151, 348.7533,0.03904724, 0.05580139, 0.0002441406,-0.01049805, -0.02088928, 0.0177002
02:45:26.619 PM,136.9452, 141.8405, -294.1201,350.5601, 181.4206, 348.7445,-0.006164551, -0.0375824, -0.006225586,0.01046753, 0.005462646, -0.00881958
02:45:26.631 PM,136.9345, 141.8504, -294.124,350.565, 181.4233, 348.7456,-0.01071167, 0.00994873, -0.003967285,0.004852295, 0.002731323, 0.00112915
02:45:26.642 PM,136.9172, 141.8218, -294.1209,350.5634, 181.4324, 348.7398,-0.01733398, -0.02857971, 0.003082275,-0.001586914, 0.009017944, -0.005828857
02:45:26.653 PM,136.878, 141.8319, -294.0997,350.5685, 181.4536, 348.7461,-0.03916931, 0.01005554, 0.02124023,0.005157471, 0.02127075, 0.006317139
02:45:26.665 PM,136.9369, 141.8363, -294.1321,350.5626, 181.423, 348.7455,0.05889893, 0.004394531, -0.03244019,-0.00592041, -0.03065491, -0.0006408691
02:45:26.676 PM,136.8913, 141.8231, -294.1147,350.5652, 181.4474, 348.7425,-0.0456543, -0.01321411, 0.01739502,0.002563477, 0.0243988, -0.002960205
02:45:26.686 PM,136.8922, 141.8173, -294.1146,350.5623, 181.4456, 348.7409,0.0009765625, -0.005737305, 0.0001525879,-0.002838135, -0.001800537, -0.001617432
02:45:26.699 PM,136.9083, 141.8266, -294.1114,350.5664, 181.4336, 348.7492,0.01602173, 0.009292603, 0.003173828,0.004089355, -0.01194763, 0.008361816
02:45:26.709 PM,136.9055, 141.7838, -294.1206,350.5658, 181.4347, 348.7344,-0.0027771, -0.0428009, -0.009185791,-0.0006103516, 0.001037598, -0.01486206
02:45:26.720 PM,136.882, 141.8058, -294.103,350.557, 181.4449, 348.7398,-0.02352905, 0.02194214, 0.01760864,-0.00881958, 0.01022339, 0.005401611
02:45:26.732 PM,136.915, 141.7769, -294.1278,350.5804, 181.4294, 348.7401,0.03300476, -0.02886963, -0.02478027,0.02337646, -0.01553345, 0.0002746582
02:45:26.743 PM,136.9182, 141.7831, -294.1254,350.5628, 181.4239, 348.7369,0.003219604, 0.006210327, 0.002380371,-0.01757813, -0.005447388, -0.003173828
02:45:26.754 PM,136.8696, 141.7848, -294.1032,350.5686, 181.4496, 348.7402,-0.04855347, 0.001693726, 0.02218628,0.00579834, 0.02568054, 0.003356934
02:45:26.765 PM,136.9331, 141.8093, -294.1376,350.5581, 181.4216, 348.7433,0.0634613, 0.02453613, -0.03436279,-0.01046753, -0.02798462, 0.003112793
02:45:26.776 PM,136.9233, 141.762, -294.1456,350.5832, 181.4314, 348.7375,-0.009765625, -0.0473175, -0.007995605,0.02502441, 0.009750366, -0.00579834
02:45:26.787 PM,136.9162, 141.7702, -294.1412,350.5797, 181.4342, 348.7404,-0.007156372, 0.008224487, 0.004333496,-0.003509521, 0.00289917, 0.002868652
02:45:26.799 PM,136.9378, 141.8241, -294.1317,350.5745, 181.4254, 348.7537,0.0216217, 0.05384827, 0.009552002,-0.005126953, -0.00881958, 0.01330566
02:45:26.810 PM,136.933, 141.8016, -294.1359,350.5674, 181.4268, 348.7435,-0.004745483, -0.02252197, -0.004211426,-0.007110596, 0.001403809, -0.01022339
02:45:26.821 PM,136.894, 141.8198, -294.1137,350.5729, 181.4483, 348.7533,-0.0390625, 0.01820374, 0.02215576,0.005523682, 0.02149963, 0.009765625
02:45:26.832 PM,136.9091, 141.7836, -294.1331,350.576, 181.4371, 348.7432,0.01509094, -0.03617859, -0.01931763,0.003051758, -0.01118469, -0.01010132
02:45:26.843 PM,136.9339, 141.8092, -294.1358,350.5734, 181.4238, 348.7534,0.02484131, 0.02560425, -0.002716064,-0.002624512, -0.01339722, 0.01022339
02:45:26.855 PM,136.913, 141.755, -294.1414,350.5635, 181.4324, 348.7308,-0.02095032, -0.054245, -0.005615234,-0.009887695, 0.008651733, -0.02255249
02:45:26.866 PM,136.9342, 141.8109, -294.1303,350.5651, 181.4224, 348.749,0.02122498, 0.0559845, 0.01107788,0.001586914, -0.01000977, 0.01818848
02:45:26.876 PM,136.9117, 141.7702, -294.1325,350.5608, 181.4339, 348.7337,-0.02249146, -0.04072571, -0.002227783,-0.004302979, 0.01152039, -0.01531982
02:45:26.888 PM,136.9236, 141.8348, -294.1198,350.5679, 181.4296, 348.7614,0.01194763, 0.06455994, 0.01269531,0.007110596, -0.004364014, 0.02767944
02:45:26.899 PM,136.895, 141.834, -294.1052,350.5573, 181.4425, 348.7522,-0.02861023, -0.0007629395, 0.01461792,-0.01052856, 0.01290894, -0.009216309
02:45:26.910 PM,136.9069, 141.8316, -294.1096,350.556, 181.4359, 348.7522,0.01187134, -0.002380371, -0.004394531,-0.001312256, -0.006607056, 6.103516E-05
02:45:26.921 PM,136.9261, 141.8308, -294.1173,350.5589, 181.4263, 348.7545,0.01922607, -0.0008087158, -0.00769043,0.002868652, -0.009506226, 0.002319336
02:45:26.933 PM,136.9027, 141.8467, -294.0931,350.5345, 181.4349, 348.7476,-0.02340698, 0.01589966, 0.02420044,-0.02435303, 0.008544922, -0.00692749
02:45:26.943 PM,136.9405, 141.8542, -294.1061,350.5545, 181.4197, 348.76,0.03778076, 0.007461548, -0.01300049,0.0199585, -0.01516724, 0.01242065
02:45:26.955 PM,136.9292, 141.8425, -294.1017,350.554, 181.4254, 348.7561,-0.01126099, -0.01167297, 0.004425049,-0.0004577637, 0.005645752, -0.003936768
02:45:26.966 PM,136.8989, 141.8331, -294.0881,350.5506, 181.439, 348.7508,-0.03036499, -0.009368896, 0.01361084,-0.003448486, 0.01359558, -0.005310059
02:45:26.977 PM,136.9136, 141.8242, -294.0949,350.5506, 181.4318, 348.7487,0.01467896, -0.008987427, -0.006835938,0, -0.007125854, -0.002044678
02:45:26.988 PM,136.9137, 141.8243, -294.1032,350.5497, 181.431, 348.7441,0.0001678467, 0.0001678467, -0.008270264,-0.0008544922, -0.0008087158, -0.004669189
02:45:26.999 PM,136.9027, 141.7823, -294.0991,350.5611, 181.4391, 348.7377,-0.0110321, -0.04206848, 0.004119873,0.01138306, 0.008056641, -0.006408691
02:45:27.010 PM,136.879, 141.826, -294.0754,350.537, 181.4473, 348.7436,-0.02365112, 0.04371643, 0.02365112,-0.02407837, 0.008178711, 0.00592041
02:45:27.022 PM,136.9379, 141.8352, -294.0965,350.5493, 181.4193, 348.754,0.05880737, 0.009185791, -0.02108765,0.01220703, -0.02798462, 0.01040649
02:45:27.033 PM,136.9519, 141.8366, -294.1076,350.5491, 181.4116, 348.7516,0.01405334, 0.001449585, -0.01113892,-0.0001831055, -0.007675171, -0.002410889
02:45:27.044 PM,136.9387, 141.8279, -294.1018,350.5484, 181.4186, 348.7488,-0.01322937, -0.008712769, 0.005828857,-0.0007019043, 0.006973267, -0.002746582
02:45:27.055 PM,136.9498, 141.8182, -294.1077,350.5509, 181.4129, 348.7475,0.01116943, -0.00970459, -0.005859375,0.002532959, -0.005706787, -0.001373291
02:45:27.067 PM,136.9085, 141.8332, -294.088,350.5531, 181.4367, 348.7522,-0.04136658, 0.01499939, 0.0196228,0.002227783, 0.02378845, 0.004760742
02:45:27.078 PM,136.9149, 141.8151, -294.0934,350.5579, 181.4343, 348.7478,0.006439209, -0.01808167, -0.005340576,0.00479126, -0.002334595, -0.004425049
02:45:27.089 PM,136.9623, 141.8455, -294.1156,350.557, 181.4107, 348.7534,0.04737854, 0.03034973, -0.0222168,-0.0009155273, -0.02360535, 0.005554199
02:45:27.100 PM,136.9387, 141.8002, -294.1082,350.5658, 181.4252, 348.7447,-0.02355957, -0.04522705, 0.007354736,0.008789063, 0.01449585, -0.008666992
02:45:27.111 PM,136.9541, 141.8448, -294.0999,350.5622, 181.417, 348.76,0.01533508, 0.0446167, 0.008300781,-0.003631592, -0.008255005, 0.01528931
02:45:27.123 PM,136.9409, 141.8121, -294.1001,350.5415, 181.4198, 348.7399,-0.01316833, -0.03276062, -0.0001525879,-0.02062988, 0.002838135, -0.02005005
02:45:27.134 PM,136.9286, 141.7669, -294.1122,350.5545, 181.4227, 348.7285,-0.01231384, -0.04522705, -0.012146,0.01300049, 0.002944946, -0.01144409
02:45:27.145 PM,136.9224, 141.8223, -294.0918,350.5588, 181.427, 348.751,-0.006149292, 0.05548096, 0.02047729,0.004272461, 0.004241943, 0.02255249
02:45:27.156 PM,136.9319, 141.8433, -294.1017,350.5516, 181.4221, 348.7481,0.009506226, 0.02093506, -0.00994873,-0.007171631, -0.004852295, -0.002929688
02:45:27.167 PM,136.9386, 141.8081, -294.1206,350.5625, 181.4204, 348.7474,0.006607056, -0.03521729, -0.0189209,0.01086426, -0.00177002, -0.0007324219
02:45:27.178 PM,136.9466, 141.8044, -294.1239,350.5663, 181.4167, 348.7477,0.008056641, -0.003631592, -0.003265381,0.003753662, -0.003692627, 0.0003356934
02:45:27.190 PM,136.9239, 141.8238, -294.1223,350.5617, 181.4264, 348.7458,-0.02270508, 0.01933289, 0.001556396,-0.004516602, 0.009765625, -0.001953125
02:45:27.200 PM,136.9151, 141.8275, -294.1038,350.5614, 181.4304, 348.747,-0.008834839, 0.003738403, 0.01852417,-0.0003662109, 0.003921509, 0.001251221
02:45:27.211 PM,136.8922, 141.8113, -294.0959,350.5544, 181.4402, 348.7379,-0.02282715, -0.01615906, 0.00793457,-0.007019043, 0.00982666, -0.009094238
02:45:27.223 PM,136.9257, 141.8132, -294.1072,350.5534, 181.4222, 348.7392,0.03346252, 0.001861572, -0.0112915,-0.0009765625, -0.01795959, 0.001251221
02:45:27.234 PM,136.931, 141.8119, -294.1137,350.5571, 181.422, 348.7403,0.005264282, -0.001327515, -0.006530762,0.003692627, -0.0001831055, 0.001098633
02:45:27.245 PM,136.9283, 141.804, -294.1131,350.562, 181.4251, 348.7393,-0.002700806, -0.007858276, 0.0006103516,0.004974365, 0.003051758, -0.0009155273
02:45:27.256 PM,136.9566, 141.8714, -294.1199,350.5545, 181.4117, 348.7526,0.02830505, 0.06741333, -0.006774902,-0.007537842, -0.01335144, 0.01324463
02:45:27.268 PM,136.934, 141.8365, -294.1223,350.5743, 181.4272, 348.754,-0.02255249, -0.03488159, -0.002380371,0.01977539, 0.01550293, 0.001434326
02:45:27.278 PM,136.9427, 141.8457, -294.1225,350.5678, 181.4216, 348.7545,0.008636475, 0.009124756, -0.000213623,-0.006469727, -0.005691528, 0.0005187988
02:45:27.290 PM,136.9134, 141.8263, -294.1251,350.5579, 181.432, 348.739,-0.02923584, -0.01934814, -0.002593994,-0.009887695, 0.01045227, -0.01550293
02:45:27.301 PM,136.929, 141.8349, -294.1306,350.5612, 181.4249, 348.7495,0.01556396, 0.008560181, -0.005493164,0.003295898, -0.007080078, 0.01049805
02:45:27.312 PM,136.9319, 141.8163, -294.1367,350.5845, 181.4282, 348.7527,0.002944946, -0.01855469, -0.006103516,0.02328491, 0.00328064, 0.003173828
02:45:27.323 PM,136.9482, 141.8188, -294.151,350.5726, 181.4157, 348.7466,0.01628113, 0.002426147, -0.01437378,-0.01190186, -0.01249695, -0.006134033
02:45:27.335 PM,136.8916, 141.8529, -294.1007,350.557, 181.4431, 348.7534,-0.05661011, 0.03411865, 0.050354,-0.015625, 0.02734375, 0.006835938
02:45:27.346 PM,136.9185, 141.8128, -294.1239,350.559, 181.4293, 348.7398,0.02694702, -0.04006958, -0.02325439,0.00201416, -0.01374817, -0.01361084
02:45:27.357 PM,136.931, 141.8284, -294.1346,350.5825, 181.426, 348.7509,0.01242065, 0.01564026, -0.01068115,0.02352905, -0.003326416, 0.0111084
02:45:27.368 PM,136.9323, 141.8063, -294.1362,350.5659, 181.423, 348.7392,0.001358032, -0.02215576, -0.001617432,-0.01663208, -0.002929688, -0.01168823
02:45:27.379 PM,136.9207, 141.8412, -294.122,350.5638, 181.4293, 348.7506,-0.01159668, 0.03492737, 0.01419067,-0.002044678, 0.006271362, 0.01138306
02:45:27.390 PM,136.9262, 141.8302, -294.136,350.5617, 181.4279, 348.7406,0.005462646, -0.01101685, -0.01397705,-0.002105713, -0.001403809, -0.01004028
02:45:27.416 PM,136.9255, 141.8185, -294.1375,350.5795, 181.4326, 348.7483,-0.0006561279, -0.01174927, -0.001464844,0.01779175, 0.004638672, 0.007720947
02:45:27.438 PM,136.916, 141.8129, -294.1457,350.5664, 181.4295, 348.738,-0.009536743, -0.005523682, -0.008239746,-0.01312256, -0.003067017, -0.01028442
02:45:27.457 PM,136.908, 141.8485, -294.1162,350.5718, 181.4346, 348.7554,-0.008010864, 0.0355835, 0.0295105,0.005432129, 0.005065918, 0.01739502
02:45:27.469 PM,136.8921, 141.8533, -294.1089,350.5523, 181.4374, 348.7464,-0.01591492, 0.004806519, 0.007354736,-0.01956177, 0.002807617, -0.009033203
02:45:27.491 PM,136.9343, 141.9396, -294.1106,350.57, 181.4191, 348.7819,0.04223633, 0.08631897, -0.00177002,0.01773071, -0.01826477, 0.03552246
02:45:27.513 PM,136.9499, 141.8531, -294.1322,350.5497, 181.4039, 348.7455,0.01557922, -0.08651733, -0.02154541,-0.02032471, -0.01524353, -0.03637695
02:45:27.536 PM,136.9503, 141.925, -294.1171,350.5682, 181.4086, 348.7781,0.0003662109, 0.07189941, 0.01504517,0.01852417, 0.004730225, 0.03262329
02:45:27.547 PM,136.9224, 141.8603, -294.1222,350.56, 181.4208, 348.7505,-0.02789307, -0.06468201, -0.005096436,-0.008239746, 0.01225281, -0.02758789
02:45:27.558 PM,136.9194, 141.8707, -294.1263,350.5601, 181.4242, 348.7497,-0.002914429, 0.01031494, -0.004119873,9.155273E-05, 0.003356934, -0.0008544922
02:45:27.569 PM,136.9224, 141.8745, -294.1215,350.5582, 181.4226, 348.7552,0.002914429, 0.003829956, 0.004882813,-0.001861572, -0.001586914, 0.005462646
02:45:27.580 PM,136.9259, 141.8732, -294.1222,350.5473, 181.4184, 348.7507,0.003494263, -0.001281738, -0.0007019043,-0.01092529, -0.004241943, -0.004486084
02:45:27.592 PM,136.9612, 141.8822, -294.1434,350.558, 181.4043, 348.753,0.03538513, 0.009048462, -0.02120972,0.01077271, -0.01402283, 0.002349854
02:45:27.603 PM,136.9075, 141.8724, -294.1205,350.5523, 181.4312, 348.7515,-0.05371094, -0.009887695, 0.02285767,-0.005767822, 0.02690125, -0.001495361
02:45:27.613 PM,136.9545, 141.8899, -294.136,350.5584, 181.4085, 348.7614,0.04693604, 0.01756287, -0.01547241,0.006164551, -0.02270508, 0.009887695
02:45:27.646 PM,136.8974, 141.9216, -294.1107,350.5447, 181.4341, 348.7643,-0.05709839, 0.03167725, 0.02526855,-0.01370239, 0.02555847, 0.002868652
02:45:27.651 PM,136.9428, 141.8853, -294.127,350.5546, 181.4113, 348.7605,0.0453949, -0.03631592, -0.01623535,0.009887695, -0.02275085, -0.003814697
02:45:27.659 PM,136.9444, 141.9033, -294.132,350.551, 181.4106, 348.7606,0.001663208, 0.01805115, -0.0050354,-0.003601074, -0.000793457, 0.0001525879
02:45:27.671 PM,136.9251, 141.8974, -294.1106,350.5577, 181.4221, 348.7646,-0.01933289, -0.005935669, 0.0213623,0.00668335, 0.01150513, 0.003997803
02:45:27.681 PM,136.9128, 141.8847, -294.1078,350.5647, 181.4297, 348.7628,-0.01228333, -0.01271057, 0.002807617,0.006958008, 0.007659912, -0.00177002
02:45:27.692 PM,136.9569, 141.959, -294.1161,350.5565, 181.4086, 348.7808,0.04406738, 0.07426453, -0.008331299,-0.008178711, -0.02107239, 0.01794434
02:45:27.704 PM,136.9234, 141.92, -294.1047,350.5495, 181.4255, 348.7685,-0.03352356, -0.03894043, 0.01144409,-0.007019043, 0.01683044, -0.01226807
02:45:27.715 PM,136.947, 141.91, -294.1156,350.5579, 181.4149, 348.7697,0.02363586, -0.01002502, -0.01089478,0.008422852, -0.0105896, 0.00112915
02:45:27.726 PM,136.9597, 141.9136, -294.1291,350.5599, 181.4079, 348.7671,0.01275635, 0.003570557, -0.01345825,0.00201416, -0.006942749, -0.002563477
02:45:27.737 PM,136.9361, 141.8737, -294.1376,350.5686, 181.422, 348.7632,-0.0236969, -0.03987122, -0.008575439,0.00869751, 0.01409912, -0.003845215
02:45:27.748 PM,136.9329, 141.8762, -294.1362,350.5675, 181.4232, 348.7646,-0.003128052, 0.002502441, 0.001434326,-0.00112915, 0.001205444, 0.001342773
02:45:27.760 PM,136.9195, 141.9036, -294.1305,350.5589, 181.426, 348.7695,-0.01342773, 0.02737427, 0.00567627,-0.008605957, 0.002792358, 0.004943848
02:45:27.770 PM,136.963, 141.8667, -294.1395,350.5616, 181.4053, 348.7602,0.04345703, -0.03691101, -0.00894165,0.002685547, -0.02075195, -0.009338379
02:45:27.781 PM,136.9587, 141.8893, -294.1307,350.5699, 181.4089, 348.7727,-0.004226685, 0.02267456, 0.008758545,0.008361816, 0.003601074, 0.01248169
02:45:27.793 PM,136.9572, 141.9136, -294.1313,350.562, 181.4152, 348.7714,-0.001525879, 0.02427673, -0.000579834,-0.007965088, 0.006286621, -0.001251221
02:45:27.804 PM,136.9681, 141.9315, -294.1114,350.5646, 181.4114, 348.7801,0.01086426, 0.01785278, 0.01992798,0.002655029, -0.003814697, 0.00869751
02:45:27.815 PM,136.9673, 141.9598, -294.1015,350.5573, 181.4111, 348.788,-0.0007781982, 0.02838135, 0.009887695,-0.007263184, -0.000213623, 0.007873535
02:45:27.827 PM,136.9627, 141.9179, -294.1184,350.5496, 181.4097, 348.7672,-0.004577637, -0.04197693, -0.01696777,-0.007781982, -0.001464844, -0.02084351
02:45:27.838 PM,136.9709, 141.9104, -294.1103,350.5489, 181.4067, 348.7678,0.008239746, -0.007476807, 0.008178711,-0.0007019043, -0.003005981, 0.0006103516
02:45:27.848 PM,136.939, 141.892, -294.0986,350.5555, 181.4256, 348.7636,-0.03193665, -0.01837158, 0.01165771,0.006622314, 0.01896667, -0.004150391
02:45:27.860 PM,136.9559, 141.8991, -294.1137,350.5481, 181.4141, 348.7581,0.01689148, 0.007125854, -0.01513672,-0.007385254, -0.0115509, -0.005554199
02:45:27.872 PM,136.9782, 141.8949, -294.1179,350.5538, 181.4047, 348.764,0.02227783, -0.004272461, -0.004150391,0.00567627, -0.009353638, 0.005950928
02:45:27.883 PM,136.9739, 141.908, -294.1109,350.5592, 181.4095, 348.7721,-0.004257202, 0.0131073, 0.006958008,0.005462646, 0.004776001, 0.008056641
02:45:27.893 PM,136.9687, 141.8924, -294.126,350.5533, 181.4064, 348.7589,-0.005264282, -0.01557922, -0.01504517,-0.00592041, -0.003082275, -0.01315308
02:45:27.905 PM,136.9552, 141.8608, -294.1335,350.5522, 181.414, 348.7542,-0.01342773, -0.03161621, -0.007476807,-0.00112915, 0.007583618, -0.004760742
02:45:27.916 PM,136.9255, 141.8568, -294.1214,350.561, 181.432, 348.7567,-0.0297699, -0.003936768, 0.01205444,0.008789063, 0.01799011, 0.002532959
02:45:27.927 PM,136.9247, 141.8577, -294.1324,350.5598, 181.4296, 348.7529,-0.0007476807, 0.0008850098, -0.01101685,-0.00112915, -0.00239563, -0.00378418
02:45:27.939 PM,136.9428, 141.8366, -294.1424,350.5612, 181.4221, 348.7537,0.01808167, -0.02114868, -0.009979248,0.001373291, -0.007476807, 0.0007629395
02:45:27.950 PM,136.9868, 141.8129, -294.1687,350.5726, 181.4009, 348.7511,0.04399109, -0.02365112, -0.02627563,0.01141357, -0.02122498, -0.002563477
02:45:27.960 PM,136.9179, 141.8381, -294.1425,350.5568, 181.4278, 348.7508,-0.06887817, 0.02519226, 0.02618408,-0.01586914, 0.02687073, -0.0002746582
02:45:27.971 PM,136.9318, 141.8557, -294.129,350.5539, 181.4209, 348.7561,0.01387024, 0.01753235, 0.01345825,-0.00289917, -0.006896973, 0.005249023
02:45:27.983 PM,136.9171, 141.8142, -294.1356,350.5717, 181.4319, 348.7487,-0.0146637, -0.04148865, -0.006530762,0.0178833, 0.01106262, -0.007354736
02:45:27.994 PM,136.9559, 141.8564, -294.1508,350.5622, 181.4073, 348.7584,0.03881836, 0.04225159, -0.01525879,-0.009552002, -0.02461243, 0.009674072
02:45:28.005 PM,136.9484, 141.8249, -294.1522,350.5637, 181.4122, 348.7524,-0.007553101, -0.03153992, -0.001342773,0.001495361, 0.004867554, -0.005981445
02:45:28.017 PM,136.8982, 141.8663, -294.1545,350.5654, 181.4362, 348.7511,-0.05015564, 0.04147339, -0.002349854,0.001678467, 0.02398682, -0.001312256
02:45:28.027 PM,136.9394, 141.854, -294.1823,350.5555, 181.4098, 348.7425,0.04115295, -0.01229858, -0.02774048,-0.009918213, -0.02638245, -0.008605957
02:45:28.038 PM,136.9091, 141.8709, -294.1503,350.5534, 181.4249, 348.7479,-0.03024292, 0.01686096, 0.0319519,-0.00201416, 0.01512146, 0.005401611
02:45:28.050 PM,136.9307, 141.8906, -294.1538,350.5682, 181.4171, 348.7617,0.02159119, 0.01965332, -0.003479004,0.01477051, -0.0078125, 0.01385498
02:45:28.061 PM,136.9698, 141.9284, -294.1616,350.5535, 181.4019, 348.7657,0.0390625, 0.03782654, -0.007843018,-0.01473999, -0.01522827, 0.00390625
02:45:28.073 PM,136.9696, 141.9067, -294.1445,350.5409, 181.4007, 348.7533,-0.000213623, -0.021698, 0.01712036,-0.01254272, -0.001159668, -0.01239014
02:45:28.084 PM,136.9124, 141.8882, -294.1222,350.5522, 181.4336, 348.7516,-0.05722046, -0.01844788, 0.02233887,0.01132202, 0.03286743, -0.001708984
02:45:28.097 PM,136.9669, 141.956, -294.133,350.5489, 181.3998, 348.7748,0.05451965, 0.06773376, -0.01086426,-0.003356934, -0.03378296, 0.02322388
02:45:28.106 PM,136.9535, 141.9131, -294.1262,350.5516, 181.4074, 348.7621,-0.01335144, -0.0428772, 0.006835938,0.002746582, 0.007629395, -0.01269531
02:45:28.118 PM,136.9404, 141.9317, -294.1129,350.5395, 181.4125, 348.7645,-0.01309204, 0.01864624, 0.01330566,-0.012146, 0.0050354, 0.002410889
